id,agency,url,mainCategory,subCategory,tags
204cd018-7ca8-5378-b2a3-c67c2addaf4f,대통령비서실,https://www.president.go.kr/,중앙행정기관,기타,정부도메인
7e337396-6bd0-5698-807c-15e78ad8274b,대통령경호처,https://www.pss.go.kr/sites/ko/main,중앙행정기관,처,정부도메인
a1d7caa0-9649-5d94-a342-cb8399bc6f67,국가인권위원회,https://www.humanrights.go.kr,중앙행정기관,위원회,위원회|정부도메인
888ab537-9341-57fa-9502-51e65bf9c813,감사원,https://www.bai.go.kr,중앙행정기관,기타,정부도메인
339f0bd7-453d-51f2-ac98-11a391029376,국가정보원,https://www.nis.go.kr,중앙행정기관,기타,정부도메인
d1dedc94-0046-50fc-81d6-f91da6addb3a,방송통신위원회,https://www.kcc.go.kr,중앙행정기관,위원회,위원회|정부도메인
7fc8b310-c527-57d1-87c2-93f4d31f2e8a,시청자미디어재단,https://kcmf.or.kr,중앙행정기관,청,청
5bc74e11-439d-5321-a588-8e8e5f288162,기획재정부,https://www.moef.go.kr,중앙행정기관,부,부|정부도메인
04f76d42-4f45-5d24-83e2-bbd953d437c4,복권위원회사무처,https://www.bokgwon.go.kr,중앙행정기관,위원회,위원회|정부도메인
87a052a2-e01d-590c-a77a-e12bca45e47b,교육부,https://www.moe.go.kr,중앙행정기관,부,부|정부도메인
ae970887-abc8-56df-9c06-319d44b12b29,국사편찬위원회,https://www.history.go.kr,중앙행정기관,위원회,위원회|정부도메인
99f84d55-7d0e-5f9e-bb6b-5c604070e913,국립특수교육원,https://www.nise.go.kr/main.do?s=nise,중앙행정기관,기타,정부도메인
a01c298f-4a57-5a95-b259-4381afc320a3,교원소청심사위원회,https://www.ace.go.kr,중앙행정기관,청,청|정부도메인
7204460a-ac0c-52ed-8fa3-d47601e1250b,중앙교육연수원,https://www.neti.go.kr,중앙행정기관,기타,정부도메인
27f0e272-48f3-5a85-8ed8-36150989742d,국립국제교육원,https://www.niied.go.kr,중앙행정기관,기타,정부도메인
1866e79b-9ff7-56f0-b880-cf1da9737ed3,과학기술정보통신부,https://www.msit.go.kr,중앙행정기관,부,부|정부도메인
85f98299-930d-5f32-9b15-2009de6556cc,국립중앙과학관,https://www.science.go.kr,중앙행정기관,기타,정부도메인
6a228961-504d-5458-91df-38927adb6dfa,국립과천과학관,https://www.sciencecenter.go.kr,중앙행정기관,기타,정부도메인
6ea00d91-53e5-5ec3-8f95-9170f940f539,중앙전파관리소,https://www.crms.go.kr,중앙행정기관,기타,정부도메인
bca38d46-e378-5f21-8198-f250c429fa74,우정사업본부,https://www.koreapost.go.kr,중앙행정기관,부,부|정부도메인
c47da606-0d0f-5b22-afea-91b840e93a85,국립전파연구원,https://www.rra.go.kr,중앙행정기관,기타,정부도메인
70fb3436-9b40-50b7-bb69-6422966bf4e5,외교부,https://www.mofa.go.kr,중앙행정기관,부,부|정부도메인
d56ee24c-46cf-5b06-aa42-fdec8e83169d,국립외교원,https://www.knda.go.kr,중앙행정기관,기타,정부도메인
ebacf2b7-fe49-59f6-98e6-b876738521c5,통일부,https://www.unikorea.go.kr,중앙행정기관,부,부|정부도메인
de1ce82f-2877-5b75-9b98-dd889f11a560,국립통일교육원,https://www.uniedu.go.kr,중앙행정기관,기타,정부도메인
133efe90-0871-5218-9877-cca27fa62491,남북관계관리단,https://dialogue.unikorea.go.kr,중앙행정기관,기타,정부도메인
7bdf250e-511d-5b21-a696-64874db1c92e,한반도통일미래센터,https://unifuture.unikorea.go.kr,지방자치단체,도,지방자치단체|정부도메인
78d2ba60-a404-5892-a750-7d83678a133c,법무부,https://www.moj.go.kr,중앙행정기관,부,부|정부도메인
dde870cd-343c-5721-aacb-4b606557db59,법무연수원,https://www.ioj.go.kr,중앙행정기관,기타,정부도메인
6a148f4f-ca1d-5db7-a4af-095b0a78cc73,출입국.외국인정책본부,https://www.immigration.go.kr,중앙행정기관,부,부|정부도메인
593a2356-1889-5c73-9c13-4d09dbf3f0e6,국방부,https://www.mnd.go.kr,중앙행정기관,부,부|정부도메인
16908b06-70c8-5ea2-9c02-624d2ade4bce,국방홍보원,https://www.dema.mil.kr,중앙행정기관,기타,공공기관
222c0596-e534-5bb7-97da-4f1dc8da3b5b,합동군사대학교,https://jfmu.mnd.go.kr,지방자치단체,군,정부도메인
cbe427f4-63b0-5aae-bde1-018858f8e85c,국방전산정보원,https://ndisc.mnd.go.kr,중앙행정기관,기타,정부도메인
acf87ac6-cad2-5a64-8855-d35dacb73829,국방대학교,https://www.kndu.ac.kr,중앙행정기관,기타,교육기관
61d12af5-9d9d-56a8-b6e5-0f584a036e61,행정안전부,https://www.mois.go.kr,중앙행정기관,부,부|정부도메인
2c3030f9-a6e0-5edc-ad21-ec7496628a5a,지방자치인재개발원,https://www.logodi.go.kr,중앙행정기관,기타,정부도메인
e2f7377c-9017-5d5b-85ba-81ff6702077b,국가기록원,https://www.archives.go.kr,중앙행정기관,기타,정부도메인
42b8078d-2849-591f-9642-f9c2a8e447d8,정부청사관리본부,https://gbmo.go.kr,중앙행정기관,부,부|정부도메인
3b8aa0bc-4029-5ab5-91e5-9dc7f2e35e8c,국가정보자원관리원,https://www.nirs.go.kr,중앙행정기관,기타,정부도메인
49146e8e-f5ba-504f-92b8-12cab1071a46,국립과학수사연구원,https://www.nfs.go.kr,중앙행정기관,기타,정부도메인
2b6e60ba-7758-56d7-abe8-e86ccd4cc097,이북5도,https://www.ibuk5do.go.kr,지방자치단체,도,지방자치단체|정부도메인
67d06c69-951b-5556-951c-ac98b62246f4,대통령기록관,https://www.pa.go.kr,중앙행정기관,기타,정부도메인
6a7375bd-d4d9-5444-925b-74d4311daaeb,주민등록번호변경위원회,https://www.rrncc.go.kr,중앙행정기관,위원회,위원회|정부도메인
1b251af0-d81d-557c-abfd-ca3a60401788,국가민방위재난안전교육원,https://www.ndti.go.kr,중앙행정기관,기타,정부도메인
9f9d7acc-8dcb-5273-9c97-d425d542393f,국립재난안전연구원,https://www.ndmi.go.kr,중앙행정기관,기타,정부도메인
6ecbdb15-6f94-5b13-a1f4-2f00ae0f1a37,문화체육관광부,https://www.mcst.go.kr,중앙행정기관,부,부|정부도메인
7548ce07-ebbf-5297-a77a-18edd3384830,대한민국예술원,https://www.naa.go.kr,중앙행정기관,기타,정부도메인
4d827af7-b0f9-5790-912a-abc665dba4b7,국립중앙박물관,https://www.museum.go.kr,중앙행정기관,기타,정부도메인
36e24817-d6cf-5c59-b864-5819e1bae66e,국립국어원,https://www.korean.go.kr,중앙행정기관,기타,정부도메인
3c56e45f-ae57-51c5-92b4-c039aa543e6a,국립중앙도서관,https://www.nl.go.kr,지방자치단체,도,지방자치단체|정부도메인
4edb19fa-b876-5b92-ac7a-0e6d7af78967,국립중앙극장,https://www.ntok.go.kr,중앙행정기관,기타,정부도메인
5e438b66-e8b9-5126-a77c-87bb4b48a3e0,국립현대미술관,https://www.mmca.go.kr,중앙행정기관,기타,정부도메인
e600fc1e-259a-5344-9186-90ef52938158,국립국악원,https://www.gugak.go.kr,중앙행정기관,기타,정부도메인
26af8000-a59b-5cde-b989-da305f24a347,국립민속박물관,https://www.nfm.go.kr,중앙행정기관,기타,정부도메인
a016ed77-9a69-52a6-bc8b-88c8aa7b482b,한국정책방송원,https://www.ktv.go.kr,중앙행정기관,기타,정부도메인
3fbfa752-a3e1-5494-a264-933ef04beb66,한국예술종합학교,https://www.karts.ac.kr,중앙행정기관,기타,교육기관
2aa56738-5e5c-533e-9181-48502ee2bfdf,대한민국역사박물관,https://www.much.go.kr,중앙행정기관,기타,정부도메인
752ff65f-eccb-53b7-bd22-2df05b4b8e2b,대한장애인체육회,https://www.koreanpc.kr/index.do,중앙행정기관,기타,공공기관
8ab40f0e-dfe0-53d7-91a7-b0213cf8a94e,예술의전당,https://www.sac.or.kr,중앙행정기관,기타,공공기관
3ed948f5-9e02-5428-bf79-1ff17600382f,한국영상자료원,https://www.koreafilm.or.kr,중앙행정기관,기타,공공기관
e22fad5e-4b3b-513e-9b31-0f709e279a09,대한체육회,https://www.sports.or.kr,중앙행정기관,기타,공공기관
d495d5dc-3592-5a54-a72c-ba70d4e6b007,한국문화예술교육진흥원,https://www.arte.or.kr,중앙행정기관,기타,공공기관
98db19e8-0c91-5dde-96c1-efa0112e6186,한국문화예술위원회,https://arko.or.kr/,중앙행정기관,위원회,위원회
2eaca821-ce07-52d8-a8b2-b0d2656185d0,한국문학번역원,https://www.ltikorea.or.kr/,중앙행정기관,기타,공공기관
47f9e01a-8b1b-5b53-8221-57f1499c4abc,한국콘텐츠진흥원,https://www.kocca.kr,중앙행정기관,기타,공공기관
e7e78c88-1ae8-52e5-b220-93cfd9bf3b46,한국언론진흥재단,https://www.kpf.or.kr,중앙행정기관,기타,공공기관
1f4f1668-3cd4-5748-a92d-d93b7d38364d,한국공예디자인문화진흥원,https://www.kcdf.or.kr,중앙행정기관,기타,공공기관
a92f8ca5-f648-5ebc-b2f8-f6af88d64a3e,한국문화정보원,https://www.kcisa.kr,중앙행정기관,기타,공공기관
3beebc88-a650-543c-ae90-cd8b2a74c492,국립박물관문화재단,https://www.nmf.or.kr,중앙행정기관,기타,공공기관
4270b3ba-30e7-5c4a-88ec-2d541d602aa9,예술경영지원센터,https://www.gokams.or.kr/main/main.aspx,중앙행정기관,기타,공공기관
7e59d49d-b933-5102-b8b4-1f2ceda5ee0c,사행산업통합감독위원회,https://www.ngcc.go.kr,중앙행정기관,위원회,위원회|정부도메인
b4966815-13cf-5ca6-bc27-54988f0419d4,재단법인국악방송,https://www.igbf.kr,중앙행정기관,기타,공공기관
cc984149-9d04-5abc-808a-db0452a423e8,문화체육관광부(클립),https://www.clip.go.kr,중앙행정기관,부,부|정부도메인
0051f761-79d9-574a-a665-1861e3a3174f,한국관광공사,https://knto.or.kr,중앙행정기관,기타,공공기관
4c47892e-0757-5642-a13e-e5b941a658ad,한국저작권위원회,https://www.copyright.or.kr,중앙행정기관,위원회,위원회
fb03a232-85f2-5435-84c0-017be73b250c,세종학당재단,https://www.ksif.or.kr/index.do?lang=kor,중앙행정기관,기타,공공기관
95934436-1c1f-51b3-a7fa-14b92bc16e31,국립한글박물관,https://www.hangeul.go.kr,중앙행정기관,기타,정부도메인
004e15b4-fd8e-5edd-b991-4e594c7f3b75,국립아시아문화전당,https://www.acc.go.kr,지방자치단체,시,지방자치단체|정부도메인
ae588aac-49a9-5c85-a332-5ce98058f51c,한국예술인복지재단,https://www.kawf.kr,중앙행정기관,기타,공공기관
15c9c7f6-6883-5eef-baa0-72d8d0c73e7e,(재)한국저작권보호원,https://www.kcopa.or.kr,중앙행정기관,기타,공공기관
d47d2a16-2183-572f-99bf-e97122eccc68,태권도진흥재단,https://www.tpf.or.kr/tpf/main/index.do,지방자치단체,도,지방자치단체
e7b0d6b9-d910-5614-ad86-25c984557b0a,영상물등급위원회,https://www.kmrb.or.kr,중앙행정기관,위원회,위원회
3cffbee3-d911-5815-84af-cb5516a3c38b,국립장애인도서관,https://nld.go.kr,지방자치단체,도,지방자치단체|정부도메인
2408316a-1608-5fc3-b637-9410392bebcb,국제방송교류재단,https://company.arirang.com,중앙행정기관,기타,공공기관
464e35b8-76ee-5226-b7f7-8a250e8972aa,농림축산식품부,https://www.mafra.go.kr,중앙행정기관,부,부|정부도메인
f1996215-0cac-53d2-9d64-64d2577ce895,국립농산물품질관리원,https://www.naqs.go.kr,중앙행정기관,기타,정부도메인
535293f8-c039-566e-b1a0-3c08e8b74c5f,농식품공무원교육원,https://www.ati.go.kr/index.do,중앙행정기관,기타,정부도메인
24c34be9-a483-583b-88ab-7dd6d86c246b,국립종자원,https://www.seed.go.kr,중앙행정기관,기타,정부도메인
d4f34019-a1b2-5bd5-b0f6-48a9c0e8efc5,농림축산검역본부,https://www.qia.go.kr,중앙행정기관,부,부|정부도메인
9e563b35-d27a-5d76-9e6b-c191f8ebef39,산업통상자원부,https://www.motie.go.kr,중앙행정기관,부,부|정부도메인
32d77bba-57c9-52cb-9176-cf7422279862,국가기술표준원,https://www.kats.go.kr,중앙행정기관,기타,정부도메인
da1ac752-223c-5703-9038-66204d0ab449,경제자유구역기획단,https://fez.go.kr,지방자치단체,구,정부도메인
4ea3bedd-6196-5f3a-b21c-2aa11e3442f7,전기위원회,https://www.korec.go.kr,중앙행정기관,위원회,위원회|정부도메인
aa070703-96f3-5874-a841-140831ef67df,광업등록사무소,https://branch.motie.go.kr,중앙행정기관,기타,정부도메인
a14da768-68ae-5f72-80f4-59f6e2033234,무역위원회,https://www.ktc.go.kr,중앙행정기관,위원회,위원회|정부도메인
e7b09dd7-10a3-5014-9e5f-66a26ba8420f,보건복지부,https://www.mohw.go.kr,중앙행정기관,부,부|정부도메인
d4ce3dc8-40bd-5ca8-b306-fd7b4a9da526,국립나주병원,https://www.najumh.go.kr,중앙행정기관,기타,정부도메인
a3713ebe-bf9a-5393-ad13-07fb7b8f7f2f,국립부곡병원,https://www.bgnmh.go.kr,중앙행정기관,부,부|정부도메인
646b37f6-993c-55ea-8544-6b878eab2f0f,국립춘천병원,https://www.cnmh.go.kr,중앙행정기관,기타,정부도메인
34e594c7-f11b-5b4f-bda5-e01225a11511,국립공주병원,https://www.knmh.go.kr,중앙행정기관,기타,정부도메인
c6afad9a-d518-5786-be9c-8d0d85f31169,국립재활원,https://www.nrc.go.kr,중앙행정기관,기타,정부도메인
d56759df-552c-5275-95ff-6e4136ad5e84,국립소록도병원,https://www.sorokdo.go.kr,중앙행정기관,기타,지방자치단체|정부도메인
a158b7dd-3aa4-5331-94a4-6e99f4bd0ec7,오송생명과학단지지원센터,https://osong.mohw.go.kr,중앙행정기관,기타,정부도메인
44356664-a850-5b86-a163-1a33690c011a,국립망향의동산관리원,https://www.nmhc.go.kr,중앙행정기관,기타,정부도메인
bbb7bf2b-fde2-5aec-a468-9080b3e0402a,국립정신건강센터,https://www.ncmh.go.kr,중앙행정기관,기타,정부도메인
67d56b69-e02e-5f84-8535-1f6ba5792ce2,건강보험분쟁조정위원회사무국,https://hi.simpan.go.kr,중앙행정기관,위원회,위원회|정부도메인
c8d9be8c-6569-57eb-93bf-5d5cddf1a79c,국립장기조직혈액관리원,https://www.konos.go.kr,중앙행정기관,기타,정부도메인
b55fc645-047c-5062-9d7f-8c3b82f34ba0,첨단재생의료및첨단바이오의약품심의위원회사무국,https://k-arm.go.kr,중앙행정기관,위원회,위원회|정부도메인
929fde09-bede-5b77-b39c-aeaf707f149d,환경부,https://www.me.go.kr,중앙행정기관,부,부|정부도메인
e64ea07e-b841-597e-bb7f-ce74d565c8b3,한강유역환경청,https://www.me.go.kr/hg,중앙행정기관,청,청|정부도메인
5b860836-bc4b-567f-a983-4901d60dc9e7,낙동강유역환경청,https://www.me.go.kr/ndg,중앙행정기관,청,청|정부도메인
8153aba6-eb6e-5a7a-8fe4-3e62eab7ff15,금강유역환경청,https://www.me.go.kr/gg,중앙행정기관,청,청|정부도메인
e355012f-e9c1-5c50-a49c-49ddf728e956,영산강유역환경청,https://www.me.go.kr/ysg,중앙행정기관,청,청|정부도메인
9e46b131-c15c-5205-8909-4f0e3547f830,원주지방환경청,https://www.me.go.kr/wonju,중앙행정기관,청,청|정부도메인
f2ba7a10-4248-530d-ab22-131eeb6c2f22,대구지방환경청,https://www.me.go.kr/daegu,중앙행정기관,청,청|정부도메인
8bc3d680-d2eb-596d-99b6-2b5ecefb3873,수도권대기환경청,https://www.me.go.kr/mamo,중앙행정기관,청,청|정부도메인
e805b53c-e84d-5807-ab6f-bb9e23e0f51d,국립환경과학원,https://www.nier.go.kr,중앙행정기관,기타,정부도메인
19837be0-8229-5f15-a733-a61d7fcc84ec,국립생물자원관,https://www.nibr.go.kr,중앙행정기관,기타,정부도메인
d8077680-1924-51f6-9c68-5ada0d1e6dc6,온실가스종합정보센터,https://www.gir.go.kr,중앙행정기관,기타,정부도메인
3c9b6e8d-3eab-5635-8cbb-8cffd0683e99,중앙환경분쟁조정위원회,https://ecc.me.go.kr,중앙행정기관,위원회,위원회|정부도메인
97590453-fb2f-599e-8ee2-b55b7a608fd1,화학물질안전원,https://nics.me.go.kr,중앙행정기관,기타,정부도메인
7cb5bd7c-127e-5513-b021-705d951b8416,국립환경인재개발원,https://ehrd.me.go.kr,중앙행정기관,기타,정부도메인
df5b077b-c3a2-5e6d-9480-a4b51a6c9cc2,전북지방환경청,https://www.me.go.kr/smg,중앙행정기관,청,청|정부도메인
6899cafd-9be0-5d3b-8ebc-196c9a82b139,한강홍수통제소,https://www.hrfco.go.kr,중앙행정기관,기타,정부도메인
b0f0949f-a472-59e8-b5fe-958246792e0b,낙동강홍수통제소,https://www.nakdongriver.go.kr,중앙행정기관,기타,정부도메인
91048982-67bb-59d5-b79b-d7f14297a54e,금강홍수통제소,https://www.geumriver.go.kr,중앙행정기관,기타,정부도메인
8bf393b8-d63d-5c48-9cdd-68154889d9c0,영산강홍수통제소,https://www.yeongsanriver.go.kr,중앙행정기관,기타,정부도메인
8346f256-72b8-556f-965d-ff75a3ba76ec,국가미세먼지정보센터,https://air.go.kr,중앙행정기관,기타,정부도메인
b0834da6-3b1b-57c5-94fe-0f1ecd58ea63,국립야생동물질병관리원,https://niwdc.me.go.kr,중앙행정기관,기타,정부도메인
e9018e45-da85-5cb9-9ff4-df26395bdc12,고용노동부,https://www.moel.go.kr,중앙행정기관,부,부|정부도메인
11116874-9947-55eb-b4e6-ec4a7b7bfdf7,중앙노동위원회,https://www.nlrc.go.kr,중앙행정기관,위원회,위원회|정부도메인
32048a34-684f-5a25-9c21-e68d6d7a03bf,최저임금위원회,https://www.minimumwage.go.kr,중앙행정기관,위원회,위원회|정부도메인
15bce5ca-724e-5686-818a-c8a461962f9d,산업재해보상보험재심사위원회,https://www.iaciac.go.kr,중앙행정기관,위원회,위원회|정부도메인
e1cf8e26-db72-5d4e-9dae-4536a07c4403,고용노동부고객상담센터,https://1350.moel.go.kr/home/,중앙행정기관,부,부|정부도메인
8ec5e81d-111a-5064-9643-055b3ca7bd9b,여성가족부,https://www.mogef.go.kr,중앙행정기관,부,부|정부도메인
61b6a85b-69cf-5923-9015-5c838fe91ae8,국토교통부,https://www.molit.go.kr,중앙행정기관,부,부|정부도메인
c1c31486-2db5-5770-a904-79af909b7417,국토교통인재개발원,https://tilit.molit.go.kr,중앙행정기관,기타,정부도메인
e39c3141-410b-5d93-b435-436b45533b74,철도특별사법경찰대,https://police.molit.go.kr,지방자치단체,도,지방자치단체|정부도메인
4de65677-4397-5e83-8fd6-192fe6a205ef,항공철도사고조사위원회,https://araib.molit.go.kr,중앙행정기관,위원회,위원회|정부도메인
c6f7275b-f616-550e-8cb4-e496b99bb187,중앙토지수용위원회,https://oclt.molit.go.kr,중앙행정기관,위원회,위원회|정부도메인
b366ecd7-7389-5582-8234-fff9ae5d3619,국토지리정보원,https://www.ngii.go.kr,중앙행정기관,기타,정부도메인
cc6fcac2-59eb-5603-bcdf-70c0519d124e,대도시권광역교통위원회,https://www.mtc.go.kr,중앙행정기관,위원회,위원회|정부도메인
fa8f4d4d-993a-5765-b32d-71953e036923,해양수산부,https://www.mof.go.kr,중앙행정기관,부,부|정부도메인
70553fe1-ed19-5b9b-8b11-1536b58b31b5,부산해사고등학교,https://school.busanedu.net/maritime-h,중앙행정기관,부,부
3d20b1c5-b054-505f-9206-fda4dd6d12e4,인천해사고등학교,https://inm.icehs.kr,중앙행정기관,기타,공공기관
7d3f5152-c7af-59b7-84d8-749f16e4bf38,해양수산인재개발원,https://www.ofhi.go.kr,중앙행정기관,기타,정부도메인
f2e0c202-b009-5645-b092-0f5cb89d75c7,국립수산물품질관리원,https://www.nfqs.go.kr,중앙행정기관,기타,정부도메인
9df897dc-b24b-58fd-8624-00f405b9f717,국립해양조사원,https://www.khoa.go.kr,중앙행정기관,기타,정부도메인
1eb638a6-64e6-592c-be24-277f23fefab9,부산지방해양수산청,https://portbusan.go.kr,중앙행정기관,부,부|정부도메인
88425c28-21fe-5b65-8685-6282c86dff9d,인천지방해양수산청,https://incheon.mof.go.kr,중앙행정기관,청,청|정부도메인
60e9a726-d1e4-5f29-b5d5-3f2c4b041256,여수지방해양수산청,https://yeosu.mof.go.kr,중앙행정기관,청,청|정부도메인
420c47f8-b664-5039-8a75-43663cc21550,마산지방해양수산청,https://masan.mof.go.kr,중앙행정기관,청,청|정부도메인
a1462635-1646-53ce-950a-08ec0dc879a5,동해지방해양수산청,https://donghae.mof.go.kr,중앙행정기관,청,청|정부도메인
bec605ed-5336-5abc-9aca-a4788d3a8ac6,군산지방해양수산청,https://gunsan.mof.go.kr,중앙행정기관,청,청|정부도메인
bbc058ac-756f-50bb-858e-0d5f09374f08,목포지방해양수산청,https://mokpo.mof.go.kr,중앙행정기관,청,청|정부도메인
eee1989f-cc94-5fbc-9e3f-dcbd298aec5f,포항지방해양수산청,https://pohang.mof.go.kr,중앙행정기관,청,청|정부도메인
e40b39c4-6226-5dd6-8ea9-0c422f29d6c2,평택지방해양수산청,https://pyeongtaek.mof.go.kr,중앙행정기관,청,청|정부도메인
5671dd00-0848-58b9-a257-0559ee9e9183,울산지방해양수산청,https://ulsan.mof.go.kr,중앙행정기관,청,청|정부도메인
dcfe6548-0c77-5f3d-8efe-9d598971991e,대산지방해양수산청,https://daesan.mof.go.kr,중앙행정기관,청,청|정부도메인
e966b13c-7a0b-5ec7-951f-d8d444bcb101,중앙해양안전심판원,https://www.kmst.go.kr,중앙행정기관,기타,정부도메인
73b3a605-da17-5c7b-b489-1d26916d66a5,국립수산과학원,https://www.nifs.go.kr,중앙행정기관,기타,정부도메인
fa2573c3-a929-52f5-81bd-419710b1c0be,동해어업관리단,https://eastship.mof.go.kr,중앙행정기관,기타,정부도메인
deef31b5-99c0-5b05-abb4-be52de8d0fe0,서해어업관리단,https://westship.mof.go.kr,중앙행정기관,기타,정부도메인
347899f1-407d-56be-8a4d-73174457565a,국립해양측위정보원,https://www.nmpnt.go.kr/home/main.do,중앙행정기관,기타,정부도메인
84e432f9-826f-5a67-8b7a-c8e96b6d5d12,남해어업관리단,https://southship.mof.go.kr,중앙행정기관,기타,정부도메인
a82c96e5-a531-5b15-bb1e-710029978035,구미전자공업고등학교,https://school.gyo6.net/gnet/main.do,지방자치단체,구,공공기관
be0b197a-9263-5233-83e9-35659c3aa94f,중소벤처기업부,https://www.mss.go.kr,중앙행정기관,부,부|정부도메인
7a15362d-ffa0-5639-889b-ed6292c66c8a,부산기계공업고등학교,https://school.busanedu.net/bmt-h,중앙행정기관,부,부
b68d8c02-ef0e-5f4f-a9f6-d6bb7f034b50,국립서울현충원,https://www.mpva.go.kr/snmb/index.do,중앙행정기관,기타,정부도메인
80d0925b-2f46-5b33-ae3c-739389635fdb,국가보훈부,https://www.mpva.go.kr,중앙행정기관,부,부|정부도메인
eaf16613-1601-5311-9e8a-1520b79c2d0d,보훈심사위원회,https://simsa.mpva.go.kr,중앙행정기관,위원회,위원회|정부도메인
393c42de-c1a4-5d88-bab1-439016ed73df,국립대전현충원,https://www.dnc.go.kr,중앙행정기관,기타,정부도메인
723e1ad7-1e27-5b73-8caf-8bfb2a1efd36,국립대한민국임시정부기념관,https://www.nmkpg.go.kr,중앙행정기관,부,부|정부도메인
1401648a-3c4d-56f3-ac91-10aaac790d28,인사혁신처,https://www.mpm.go.kr,중앙행정기관,처,정부도메인
202932c9-8dd4-51db-b6e3-e458917193a9,국가공무원인재개발원,https://www.nhi.go.kr,중앙행정기관,기타,정부도메인
cd3b3cb5-fb0b-5397-950d-efed8baf77ce,법제처,https://www.moleg.go.kr,중앙행정기관,처,정부도메인
fa9f69d2-149f-59fc-95f8-4285a703ed69,식품의약품안전평가원,https://www.nifds.go.kr,중앙행정기관,기타,정부도메인
b56b406b-dfca-5455-96f7-6d7fabc86c39,식품의약품안전처,https://www.mfds.go.kr,중앙행정기관,처,정부도메인
1e318111-e36b-5e65-bf2a-1d0566a5814f,공정거래위원회,https://www.ftc.go.kr,중앙행정기관,위원회,위원회|정부도메인
74dee6c8-3abb-5b99-bcea-3300e76be072,금융위원회,https://www.fsc.go.kr,중앙행정기관,위원회,위원회|정부도메인
44558a83-6515-566d-978f-2b9aa90749f4,금융정보분석원,https://www.kofiu.go.kr,중앙행정기관,기타,정부도메인
e9d10ebb-51fc-50f5-8ba3-df75bf5ca09d,청렴연수원,https://edu.acrc.go.kr,중앙행정기관,청,청|정부도메인
116d3b03-cb74-5de1-a97b-c337d6275d54,국민권익위원회,https://www.acrc.go.kr,중앙행정기관,위원회,위원회|정부도메인
fa60af3c-5e0c-5233-90fa-4061e6488b83,정부합동민원센터,https://counseling.go.kr,중앙행정기관,부,부|정부도메인
d34c3da1-885d-5422-a9b1-9090c26cc65d,원자력안전위원회,https://www.nssc.go.kr,중앙행정기관,위원회,위원회|정부도메인
78607f72-0e8d-56a2-ae4f-eb9af869a6f5,국세청,https://www.nts.go.kr,중앙행정기관,청,청|정부도메인
e08bcb30-5c43-540e-ad5f-fb658a9cfff6,서울지방국세청,https://s.nts.go.kr,중앙행정기관,청,청|정부도메인
2c98782e-a94d-51cf-92f3-401cc700ca85,대전지방국세청,https://d.nts.go.kr,중앙행정기관,청,청|정부도메인
0bc69112-1670-5a2a-96dc-f673ab2b5ebb,광주지방국세청,https://g.nts.go.kr,중앙행정기관,청,청|정부도메인
3683f4d3-851e-56c2-b18a-e6c780f669a8,대구지방국세청,https://t.nts.go.kr,중앙행정기관,청,청|정부도메인
a0720e0a-16f4-5a27-979b-94618d04cba8,부산지방국세청,https://b.nts.go.kr,중앙행정기관,부,부|정부도메인
3c35d0f7-20a8-5ef3-91a9-ff4b9d0d814b,국세공무원교육원,https://i.nts.go.kr/taxstudy/main.do,중앙행정기관,기타,정부도메인
cdc775f3-73c4-5236-b0cc-43fae26121ff,국세청주류면허지원센터,https://i.nts.go.kr/llsc/main.do,중앙행정기관,청,청|정부도메인
b145b113-0975-5510-96f5-15483222f83d,인천지방국세청,https://in.nts.go.kr,중앙행정기관,청,청|정부도메인
197edd61-381b-5007-ac3f-8de268a2e212,중부지방국세청,https://j.nts.go.kr,중앙행정기관,부,부|정부도메인
f1733110-160f-5930-bdc7-eae02a1956b9,관세청,https://www.customs.go.kr,중앙행정기관,청,청|정부도메인
5b8eca4f-c971-5165-99a0-85fa2823f925,관세인재개발원,https://hrd.customs.go.kr,중앙행정기관,기타,정부도메인
49972d01-324f-5d02-85d5-e56ff984b900,조달청,https://www.pps.go.kr,중앙행정기관,청,청|정부도메인
94f41129-24d7-53ca-ab1a-b4142ad275e9,통계청,https://www.kostat.go.kr,중앙행정기관,청,청|정부도메인
5641bc0a-955a-50d1-a49f-d9c085088d5e,통계인재개발원,https://shi.kostat.go.kr,중앙행정기관,기타,정부도메인
c79cb0f5-4608-5aa7-8ebf-b629f16c881c,대검찰청,https://www.spo.go.kr,중앙행정기관,청,청|정부도메인
90f8b559-a3b7-5890-a677-579635ffdab7,병무청,https://www.mma.go.kr,중앙행정기관,청,청|정부도메인
3d55fcb1-0f58-5722-b275-04f143aa1e2e,방위사업청,https://www.dapa.go.kr,중앙행정기관,청,청|정부도메인
bf33e890-5979-529e-a3d9-900ecf789935,방위사업청(연구개발),https://www.add.re.kr/dratri,중앙행정기관,청,청|연구기관
d4699347-4fa2-5ceb-9807-9b633f1590a9,경찰청,https://www.police.go.kr,중앙행정기관,청,청|정부도메인
b88dd5d1-8965-57ec-9896-14bdbc903078,경찰대학,https://www.police.ac.kr,중앙행정기관,기타,교육기관
d5e6e9ff-85d0-52ed-aa68-f5d6a4cb5ed6,중앙경찰학교,https://www.cpa.go.kr,중앙행정기관,기타,정부도메인
6f61628c-674e-5bd4-8f00-2122eaeaaf20,경찰병원,https://www.nph.go.kr,중앙행정기관,기타,정부도메인
8e1aef03-81bc-516f-b22b-8756a51c499f,경찰수사연수원,https://www.kpia.go.kr,중앙행정기관,기타,정부도메인
f0407d31-4f50-5210-b97f-ef2ad0a4cfbe,경찰인재개발원,https://www.phrdi.go.kr,중앙행정기관,기타,정부도메인
7810b3ad-b986-5439-878a-0f7c5f21649b,중앙소방학교,https://www.nfsa.go.kr,중앙행정기관,기타,정부도메인
cf8512a1-c8e5-50e3-b466-99c854f1e9ae,중앙119구조본부,https://www.rescue.go.kr,중앙행정기관,부,부|정부도메인
2d0bbe58-4331-5527-b22b-c4e530f6ac0e,소방청,https://www.nfa.go.kr,중앙행정기관,청,청|정부도메인
50a104b4-5ad7-502e-a5fb-d9d9c15822be,국립소방연구원,https://nfire.go.kr,중앙행정기관,기타,정부도메인
743b1c05-2967-5a77-850c-bbdc6ac2f034,국가유산청,https://www.khs.go.kr,중앙행정기관,청,청|정부도메인
2ae094a6-3bc7-5a68-9f66-04496335e298,현충사관리소,https://hcs.khs.go.kr,중앙행정기관,기타,정부도메인
2c92aaeb-517a-5125-9bb4-81030e54ce2f,칠백의총관리소,https://700.khs.go.kr,중앙행정기관,기타,정부도메인
ee79df1d-009b-5d42-a1c0-5922cc3f17c0,국립고궁박물관,https://www.gogung.go.kr,중앙행정기관,기타,정부도메인
ac1c46a6-f01f-5884-a92b-76a66b43636e,국립해양유산연구소,https://www.seamuse.go.kr,지방자치단체,구,정부도메인
0fd74235-6120-5f5f-a4d2-60d05f6ad9fb,국립무형유산원,https://www.nihc.go.kr,중앙행정기관,기타,정부도메인
9458bf79-536a-5c66-aeb4-daa1b06cc2ad,궁능유적본부,https://royal.khs.go.kr,중앙행정기관,부,부|정부도메인
cccc77c3-0167-54c1-866f-0e82cb3ac66b,국립문화유산연구원,https://www.nrich.go.kr,중앙행정기관,기타,정부도메인
30aea250-fac3-5108-a9c5-ff2218685158,농촌진흥청,https://www.rda.go.kr,중앙행정기관,청,청|정부도메인
467d0ca5-5a6a-5fce-8f92-d752b75a069f,국립식량과학원,https://www.nics.go.kr,중앙행정기관,기타,정부도메인
00270ce9-f10a-58ea-adef-e6fb3066bdee,국립원예특작과학원,https://www.nihhs.go.kr,중앙행정기관,기타,정부도메인
bdd71d82-4734-5d7d-a0df-fac9f9759095,국립축산과학원,https://www.nias.go.kr,중앙행정기관,기타,정부도메인
d720b92f-a5da-5cc0-bfe0-c3b5e65db56a,농촌인적자원개발센터,https://hrd.rda.go.kr,중앙행정기관,기타,정부도메인
7de622ac-9049-56b2-b8b4-93c7f953a55f,국립농업과학원,https://www.naas.go.kr,중앙행정기관,기타,정부도메인
797e1a6b-0588-5ca0-b9f5-b5b18c05fc6f,산림청,https://www.forest.go.kr,중앙행정기관,청,청|정부도메인
06152cc2-e7cb-5268-a2c5-e3adef6e549a,국립수목원,https://kna.forest.go.kr,중앙행정기관,기타,정부도메인
270c1907-ec3a-5245-84a0-0fb52ae5c377,국립산림과학원,https://nifos.forest.go.kr,중앙행정기관,기타,정부도메인
637d8de0-2147-5543-9144-512df8146e60,북부지방산림청,https://north.forest.go.kr,중앙행정기관,부,부|정부도메인
e1935a79-32b4-5005-893d-5b005f4770ec,동부지방산림청,https://east.forest.go.kr,중앙행정기관,부,부|정부도메인
bb4109e7-3a15-56fc-82b1-4ad1851f6bee,남부지방산림청,https://south.forest.go.kr,중앙행정기관,부,부|정부도메인
95f1c482-5052-529a-a788-9bffc9f2b3d3,중부지방산림청,https://center.forest.go.kr,중앙행정기관,부,부|정부도메인
740c27b8-4b49-53c5-8cab-e86bd96aa0e5,서부지방산림청,https://west.forest.go.kr,중앙행정기관,부,부|정부도메인
f42c5a7d-73ad-5fcd-9ce9-8131afe278fe,국립산림품종관리센터,https://nfsv.forest.go.kr,중앙행정기관,기타,정부도메인
929d4d0c-9922-5d84-a138-744c7eeb9172,산림항공본부,https://fao.forest.go.kr,중앙행정기관,부,부|정부도메인
842cd117-6da2-584d-af47-ff16fec03c93,산림교육원,https://fotilms.forest.go.kr,중앙행정기관,기타,정부도메인
58c9ae88-a840-56f2-b9b8-4b67490fced4,국립자연휴양림관리소,https://huyang.forest.go.kr,중앙행정기관,기타,정부도메인
dc448ade-beb7-56e1-89bd-4ee5faf9aca1,특허청,https://www.kipo.go.kr,중앙행정기관,청,청|정부도메인
ca0ab206-fe61-578d-afed-c4a4d06a92c2,국제지식재산연수원,https://iipti.kipo.go.kr/,중앙행정기관,기타,정부도메인
4f5e9dcc-51b1-51d7-b3de-eb4f2781f2a9,기상청,https://www.kma.go.kr/kma/,중앙행정기관,청,청|정부도메인
a99c8546-74f0-5127-8fb9-8d55c507e036,국가기상위성센터,https://nmsc.kma.go.kr,중앙행정기관,기타,정부도메인
7a97aba5-e0eb-5cda-aeda-35c6a8e4e136,국립기상과학원,https://www.nims.go.kr,중앙행정기관,기타,정부도메인
f6d8766c-9ef4-5cc1-bd24-058d072e4dd5,기상레이더센터,https://radar.kma.go.kr,중앙행정기관,기타,정부도메인
68446d3c-9198-5a41-b0de-81f3711ed23b,행정중심복합도시건설청,https://www.naacc.go.kr,중앙행정기관,청,청|정부도메인
3b10defa-dae8-5b18-8055-6a6da83f371d,새만금개발청,https://www.saemangeum.go.kr,중앙행정기관,청,청|정부도메인
179de8d7-b290-5a1d-91d1-5c82b940b2fa,해양경찰청,https://www.kcg.go.kr,중앙행정기관,청,청|정부도메인
8e201cc2-ad72-5613-9a80-8b88dd9be211,해양경찰교육원,https://edu.kcga.go.kr,중앙행정기관,기타,정부도메인
1f53a91b-582c-51dd-a5f4-e84756edf63d,개인정보보호위원회,https://www.pipc.go.kr/,중앙행정기관,위원회,위원회|정부도메인
41671de5-f22d-5dd6-81d2-c8e7c9b52473,질병관리청,https://www.kdca.go.kr,중앙행정기관,청,청|정부도메인
e3817f49-4e9e-57e0-8e3c-24d5b0c697e9,국립마산병원,https://www.mnth.go.kr,중앙행정기관,기타,정부도메인
c3c4bc58-2f5b-538c-b825-149d451dcf7f,국립목포병원,https://www.tbmokpo.go.kr,중앙행정기관,기타,정부도메인
458c9d44-396f-5529-8106-7bfea6d05913,재외동포청,https://www.oka.go.kr,중앙행정기관,청,청|정부도메인
48dc0dc0-28e3-5456-9f68-fb9946ab0d7b,우주항공청,https://www.kasa.go.kr,중앙행정기관,청,청|정부도메인
86fdfdd2-48fe-5c39-8870-a8484e4e1d0b,우주환경센터,https://spaceweather.kasa.go.kr,중앙행정기관,기타,정부도메인
86eede8a-4a68-5ffb-90a6-989db9897f48,고위공직자범죄수사처,https://cio.go.kr,중앙행정기관,처,정부도메인
0a55a5d7-8d14-537f-af02-ba3648038e72,종로구청,https://www.jongno.go.kr,중앙행정기관,청,청|정부도메인
84e9029a-509b-50a5-ae1d-7e873cf1f1e3,중구청(서울),https://www.junggu.seoul.kr,중앙행정기관,청,청
1cdf6ed5-80bc-5b22-af54-798377b9b36b,용산구청,https://www.yongsan.go.kr,중앙행정기관,청,청|정부도메인
8faf96a7-41d5-5c9a-8744-a2f9becd96c0,광진구청,https://www.gwangjin.go.kr/portal/main/main.do,중앙행정기관,청,청|정부도메인
93091aed-539e-5ce9-b658-27effadf0177,동대문구청,https://www.ddm.go.kr,중앙행정기관,청,청|정부도메인
ef18870d-b11d-53c5-913e-c74381dbcc49,중랑구청,https://www.jungnang.go.kr,중앙행정기관,청,청|정부도메인
93ee0659-bc0e-564c-80eb-4ce4f130c20e,성북구청,https://www.sb.go.kr,중앙행정기관,청,청|정부도메인
040297d6-1817-5bc4-8005-8141739d877a,도봉구청,https://www.dobong.go.kr,중앙행정기관,청,청|정부도메인
0d8dfed1-047d-5e80-83ec-ed163c0c326d,노원구청,https://www.nowon.kr/www/index.do,중앙행정기관,청,청
30b764e3-63ba-57de-9748-6a4e3e2941cc,서대문구청,https://www.sdm.go.kr,중앙행정기관,청,청|정부도메인
18a4f9d2-9367-5914-9b0e-da52e9a6f77d,마포구청,https://www.mapo.go.kr,중앙행정기관,청,청|정부도메인
56e9fc5c-1ce0-5b05-a274-f99184e4acbb,양천구청,https://www.yangcheon.go.kr/site/yangcheon/main.do,중앙행정기관,청,청|정부도메인
a9217bd7-d2a2-575c-8912-02eb0d2afcce,강서구청(서울),https://www.gangseo.seoul.kr,중앙행정기관,청,청
d4839687-d7d5-584a-9505-a8a2d4cc7076,구로구청,https://www.guro.go.kr,중앙행정기관,청,청|정부도메인
a92e086c-c47b-5885-8242-feb859b4ea03,금천구청,https://www.geumcheon.go.kr,중앙행정기관,청,청|정부도메인
75653463-ffeb-531e-ada7-56c3d9182123,영등포구청,https://www.ydp.go.kr,중앙행정기관,청,청|정부도메인
f5ba54f6-c315-5349-9994-93b61b538405,동작구청,https://www.dongjak.go.kr,중앙행정기관,청,청|정부도메인
395d4830-4dcb-5364-b0d3-db8449f75890,관악구청,https://www.gwanak.go.kr,중앙행정기관,청,청|정부도메인
a4166eba-9d71-5885-a9bd-4f36f04c67c1,강남구청,https://www.gangnam.go.kr,중앙행정기관,청,청|정부도메인
9c4c59f5-34b3-5db5-bc34-3deaa003c5de,송파구청,https://www.songpa.go.kr,중앙행정기관,청,청|정부도메인
4410ee10-a7d9-5732-8a8b-c17c4e34457b,강동구청,https://www.gangdong.go.kr,중앙행정기관,청,청|정부도메인
c11f80e6-1c13-588f-bb4c-e37c977e2fd2,서울특별시,https://www.seoul.go.kr,지방자치단체,광역시,지방자치단체|정부도메인
08a462ad-8f60-5d03-a94c-ce6ab24950ac,강북구청,https://www.gangbuk.go.kr,중앙행정기관,청,청|정부도메인
0246ec4f-cd63-57b2-b8a4-4654c46b7c87,성동구청,https://www.sd.go.kr,중앙행정기관,청,청|정부도메인
c5e121d1-677d-558f-83e5-dc116b1c51e5,서초구청,https://www.seocho.go.kr,중앙행정기관,청,청|정부도메인
f8d27380-97e4-51f2-b9ee-0a6aa6224423,은평구청,https://www.ep.go.kr,중앙행정기관,청,청|정부도메인
ac99cab5-507b-50e3-a8dc-9775c6eb485a,중구청(부산),https://www.bsjunggu.go.kr,중앙행정기관,부,부|정부도메인
3dc0d6fa-b68b-5b70-9d85-8031956e8c43,서구청(부산),https://www.bsseogu.go.kr,중앙행정기관,부,부|정부도메인
8e163d61-c565-50e2-aaed-ee19952b63af,동구청(부산),https://www.bsdonggu.go.kr,중앙행정기관,부,부|정부도메인
c0781b88-7e79-5088-952b-bafd3e958edf,영도구청,https://www.yeongdo.go.kr,중앙행정기관,청,청|정부도메인
66707704-a97a-5ad9-a329-01014f8d850d,부산진구청,https://www.busanjin.go.kr,중앙행정기관,부,부|정부도메인
81ddf4ba-aa17-5548-baf0-b7ab0cd4d672,동래구청,https://www.dongnae.go.kr,중앙행정기관,청,청|정부도메인
9aa32db3-31bb-54fc-9179-64d3e8b4a754,남구청(부산),https://www.bsnamgu.go.kr,중앙행정기관,부,부|정부도메인
80e67f1e-b5e8-5bf8-936a-bab2018c2e54,북구청(부산),https://www.bsbukgu.go.kr,중앙행정기관,부,부|정부도메인
a51c5cb5-b2ec-5628-9e86-d32addebbd51,해운대구청,https://www.haeundae.go.kr,중앙행정기관,청,청|정부도메인
dbeacb45-67d5-58b1-b393-c01fedb8ee8b,사하구청,https://www.saha.go.kr,중앙행정기관,청,청|정부도메인
f9c11457-805c-532a-a994-3ebac30f145e,금정구청,https://www.geumjeong.go.kr,중앙행정기관,청,청|정부도메인
d097f220-935e-592e-a6e5-d15e8d3d624d,강서구청(부산),https://www.bsgangseo.go.kr,중앙행정기관,부,부|정부도메인
71965130-f032-50f2-9feb-df9256481f1e,연제구청,https://www.yeonje.go.kr,중앙행정기관,청,청|정부도메인
bb6eb4d5-309c-5899-9768-38d0e9aefcf6,수영구청,https://www.suyeong.go.kr,중앙행정기관,청,청|정부도메인
b300ede3-7a71-5ead-a955-361c32d61f96,사상구청,https://www.sasang.go.kr,중앙행정기관,청,청|정부도메인
2e8cc65b-9e57-5b29-9e7d-1713b75340dc,기장군청,https://www.gijang.go.kr,중앙행정기관,청,청|정부도메인
a7a08e81-38a9-593a-a0a7-e207d9b99b38,부산광역시,https://www.busan.go.kr,중앙행정기관,부,부|정부도메인
03f942e0-ff3b-5dfd-8627-471ab2c79f36,중구청(인천),https://www.icjg.go.kr,중앙행정기관,청,청|정부도메인
33816954-ad09-544a-a08b-3ecbd1cdfaef,동구청(인천),https://www.icdonggu.go.kr,중앙행정기관,청,청|정부도메인
822c1342-1625-57d4-a47d-ebb28eff00a9,연수구청,https://www.yeonsu.go.kr,중앙행정기관,청,청|정부도메인
2d229176-4526-5bc1-b79d-ad107b6716df,남동구청,https://www.namdong.go.kr,중앙행정기관,청,청|정부도메인
c5f60e2d-637f-581a-b3fc-447a46eb6c50,부평구청,https://www.icbp.go.kr,중앙행정기관,부,부|정부도메인
db119549-53f0-5ee6-b95e-d1bca288da1c,계양구청,https://www.gyeyang.go.kr,중앙행정기관,청,청|정부도메인
d9a0f372-0a03-5a62-8863-44adcfeb2691,서구청(인천),https://www.seo.incheon.kr,중앙행정기관,청,청
122b68d3-704a-5fdd-b77b-4851ada72f49,강화군청,https://www.ganghwa.go.kr,중앙행정기관,청,청|정부도메인
0a6c2581-f573-5d94-9ad4-848298cbbc28,옹진군청,https://www.ongjin.go.kr,중앙행정기관,청,청|정부도메인
68eda917-1c19-5ec5-b12b-47551f4a9e10,인천광역시,https://www.incheon.go.kr,지방자치단체,광역시,지방자치단체|정부도메인
5b571cc1-f94d-5d38-81ab-506a373a103f,미추홀구청,https://www.michuhol.go.kr,중앙행정기관,청,청|정부도메인
f23a51f9-d598-5f07-9870-00c299044fee,중구청(대구),https://www.jung.daegu.kr,중앙행정기관,청,청
d23ca593-68df-55dc-bcb3-b6bb041ae02d,동구청(대구),https://www.dong.daegu.kr,중앙행정기관,청,청
567d85b5-db08-5ad6-ad9f-e15dd83ad756,서구청(대구),https://www.dgs.go.kr,중앙행정기관,청,청|정부도메인
838717c2-c0a9-5b40-bb2a-0a440d54b987,남구청(대구),https://www.nam.daegu.kr,중앙행정기관,청,청
42c859f2-7ffa-5edd-9fc7-822b56d6f8eb,북구청(대구),https://www.buk.daegu.kr,중앙행정기관,청,청
0d3db61a-6a59-55d3-83a1-13b30168998f,수성구청,https://www.suseong.kr,중앙행정기관,청,청
8c27f1dd-979d-561f-98f3-a876b4daca83,달서구청,https://www.dalseo.daegu.kr,중앙행정기관,청,청
4b3c7df1-9861-5df8-9852-8eaeec96a375,군위군청,https://www.gunwi.go.kr,중앙행정기관,청,청|정부도메인
ef4e33be-5273-56c1-87f2-ecc64b01b8e8,대구광역시,https://www.daegu.go.kr,지방자치단체,광역시,지방자치단체|정부도메인
fc0883ba-fce6-552d-8aa9-e767c30e2fa4,달성군청,https://dalseong.daegu.kr,중앙행정기관,청,청
3b796ff7-681e-5f9a-a768-f94a7c745c0e,대구디지탈혁신진흥원,https://www.dip.or.kr,중앙행정기관,기타,공공기관
bef5427a-53b1-54fc-b4a8-c09bcebe1fba,대구문화예술진흥원,https://dgfca.or.kr/main,중앙행정기관,기타,공공기관
eeabb540-0556-5527-ab6a-c067679d83be,동구청(대전),https://www.donggu.go.kr,중앙행정기관,청,청|정부도메인
f6597db0-deb7-5cdd-b20d-93b881a7a163,중구청(대전),https://www.djjunggu.go.kr,중앙행정기관,청,청|정부도메인
1a55d48c-05ec-5bd7-b1a1-519bac622f97,서구청(대전),https://www.seogu.go.kr,중앙행정기관,청,청|정부도메인
968399a8-a853-5ca6-8158-2fd928414b61,유성구청,https://www.yuseong.go.kr,중앙행정기관,청,청|정부도메인
c26dda04-6386-50be-8e97-853634102973,대덕구청,https://www.daedeok.go.kr,중앙행정기관,청,청|정부도메인
a07a4d45-07f9-5b41-a286-8613f73381a1,대전광역시,https://www.daejeon.go.kr,지방자치단체,광역시,지방자치단체|정부도메인
fbd6abe2-a886-5d8d-97c7-68a6beb18c80,대전시립합창단,https://djpc.artdj.kr/djpc/,지방자치단체,시,지방자치단체
481209ac-7860-58fd-b24a-080698516ce0,대전시립무용단,https://dmdt.artdj.kr/dmdt/,지방자치단체,시,지방자치단체
a397aeef-1fcd-5500-bde8-d1e60ab2ea21,대전시립교향악단,https://dpo.artdj.kr/dpo/,지방자치단체,시,지방자치단체
04878da2-70c9-52dd-9c91-fcc2dea20c2b,대전시립청소년합창단,https://dcyc.artdj.kr/dcyc/,중앙행정기관,청,청
8e310eba-9dc3-53be-9b18-1ad50270db4b,동구청(광주),https://www.donggu.kr,중앙행정기관,청,청
6dac5c1c-268f-53ee-b1f4-5c9bc5da6870,서구청(광주),https://www.seogu.gwangju.kr,중앙행정기관,청,청
e2e905c9-55bd-5fa8-a563-331c95011a2e,남구청(광주),https://www.namgu.gwangju.kr,중앙행정기관,청,청
0275d8eb-0c47-5781-ad0a-24a05108644b,북구청(광주),https://bukgu.gwangju.kr,중앙행정기관,청,청
415c5711-7e4d-520f-84b8-0e367f4bb7b3,광산구청,https://www.gwangsan.go.kr,중앙행정기관,청,청|정부도메인
77e3f8ff-001f-5f7b-8099-ce0d167f8f5b,광주광역시,https://www.gwangju.go.kr,지방자치단체,광역시,지방자치단체|정부도메인
8a8e9b94-4b4a-54f4-b41e-b7edba557869,중구청(울산),https://www.junggu.ulsan.kr/index.ulsan,중앙행정기관,청,청
34c82476-4d28-55b5-a92f-093388ee0718,남구청(울산),https://www.ulsannamgu.go.kr/easyMain/mainPage.do,중앙행정기관,청,청|정부도메인
cd38c24a-ce07-5c20-af4f-e4fe0c941a8c,동구청(울산),https://www.donggu.ulsan.kr,중앙행정기관,청,청
6d6b7045-cf09-52fb-bb93-6e444e46644e,북구청(울산),https://www.bukgu.ulsan.kr/index.do,중앙행정기관,청,청
b734414c-903e-50a7-9c03-2d3d2aafb86c,울주군청,https://www.ulju.ulsan.kr/ulju/main.do,중앙행정기관,청,청
878b694a-6c76-539c-970a-4d0bffd60055,울산광역시 상수도사업본부,https://www.ulsan.go.kr/u/rep/main.ulsan,중앙행정기관,부,부|정부도메인
9a5db627-93fd-5a5c-9b71-eb055e2f216e,울산수목원,https://www.ulsan.go.kr/s/usabt/main.ulsan,중앙행정기관,기타,정부도메인
daceb693-4a37-5b1b-a0f5-36e97c9e2ec5,세종특별자치시,https://www.sejong.go.kr,지방자치단체,특별자치시,지방자치단체|정부도메인
bc627c4b-3594-5afe-b9f5-6520a916b9c8,세종시설공단,https://www.sjfmc.or.kr,지방자치단체,시,지방자치단체
61c61568-9b30-5eae-9a8f-e07aafe4e8b0,세종시문화관광재단,https://www.sjcf.or.kr,지방자치단체,시,지방자치단체
653664e0-8a81-5aeb-8e8f-2c539e5fc553,세종평생교육•정책연구원,https://www.sjhle.or.kr,중앙행정기관,기타,공공기관
b8461b79-da2c-5bcd-a8e2-06990f48fae8,세종도시교통공사,https://www.sctc.kr,지방자치단체,도,지방자치단체
85043956-00c5-56dc-a0b9-58c9888e11ad,성남시청,https://www.seongnam.go.kr/main.do,중앙행정기관,청,청|정부도메인
0dbe9a44-3071-514f-b628-9b0545f5a5fb,의정부시청,https://www.ui4u.go.kr,중앙행정기관,부,부|정부도메인
7d8ccf58-74f3-5368-835d-f74a4510dc50,안양시청,https://www.anyang.go.kr,중앙행정기관,청,청|정부도메인
264a2a81-e743-5188-aa75-85b12a851848,부천시청,https://www.bucheon.go.kr,중앙행정기관,부,부|정부도메인
16a46fc0-e325-5468-ae28-7fc3ae519907,광명시청,https://www.gm.go.kr,중앙행정기관,청,청|정부도메인
14f935bf-432b-5521-8e27-dabe897a3796,평택시청,https://www.pyeongtaek.go.kr,중앙행정기관,청,청|정부도메인
388c227e-b88e-5e14-9548-69c15158b4c2,동두천시청,https://www.ddc.go.kr,중앙행정기관,청,청|정부도메인
3dac2383-36ad-558b-b3a9-549a792562a3,안산시청,https://www.ansan.go.kr,중앙행정기관,청,청|정부도메인
1e60bf7f-f508-5e50-8ca8-2971a7d491bf,고양시청,https://www.goyang.go.kr,중앙행정기관,청,청|정부도메인
07e2c586-f35c-50b5-83cd-899498e2bb87,과천시청,https://www.gccity.go.kr,중앙행정기관,청,청|정부도메인
b9cc9143-0f93-5c3e-bcf8-7280adb7706b,구리시청,https://www.guri.go.kr,중앙행정기관,청,청|정부도메인
573f8d18-6456-5349-9aa3-44bfeb38bd37,남양주시청,https://www.nyj.go.kr,중앙행정기관,청,청|정부도메인
4eac0b37-44a5-5932-99ad-0c2e2af45f69,오산시청,https://www.osan.go.kr/main.do,중앙행정기관,청,청|정부도메인
7eaa2932-9ccb-58ac-8664-32a14223b10b,시흥시청,https://www.siheung.go.kr,중앙행정기관,청,청|정부도메인
51a6ece6-5af2-5d43-804f-6c5c8812eb21,군포시청,https://www.gunpo.go.kr,중앙행정기관,청,청|정부도메인
9fa69501-c46f-532f-9255-aadc31d1d7fe,의왕시청,https://www.uiwang.go.kr,중앙행정기관,청,청|정부도메인
7fb7bda4-57a4-5564-9529-cff4772e772d,하남시청,https://www.hanam.go.kr,중앙행정기관,청,청|정부도메인
7d9425d5-6b3e-58d6-93f6-fd64de5e203b,용인시청,https://www.yongin.go.kr/index.do,중앙행정기관,청,청|정부도메인
50a66044-494d-50de-b148-c62751103c39,파주시청,https://www.paju.go.kr,중앙행정기관,청,청|정부도메인
5208bdfc-2857-5207-9771-12714f6623b2,이천시청,https://www.icheon.go.kr,중앙행정기관,청,청|정부도메인
c70fec9c-0ee4-51db-a0ad-01f8cb813512,안성시청,https://www.anseong.go.kr,중앙행정기관,청,청|정부도메인
5ef29283-05e0-5613-ad28-791408befdba,김포시청,https://www.gimpo.go.kr,중앙행정기관,청,청|정부도메인
237f0684-21b6-5371-8b1c-f3e38662252c,여주시청,https://www.yeoju.go.kr,중앙행정기관,청,청|정부도메인
42a274dc-4513-58e6-8768-2000b9709ca4,연천군청,https://www.yeoncheon.go.kr,중앙행정기관,청,청|정부도메인
00923a7d-d0a5-51ea-83d3-5186bf5183cc,가평군청,https://www.gp.go.kr,중앙행정기관,청,청|정부도메인
97901316-4356-5902-ad20-057e27af61d2,양평군청,https://www.yp21.go.kr,중앙행정기관,청,청|정부도메인
0dc44f22-896b-5bd7-9ede-0bc3f56ada66,화성시청,https://www.hscity.go.kr,중앙행정기관,청,청|정부도메인
ef926048-e4d9-58e6-8e42-acdff17b6529,광주시청(경기),https://www.gjcity.go.kr,중앙행정기관,청,청|정부도메인
09a42870-9ccb-530b-9e13-eaf0dfdf946a,양주시청,https://www.yangju.go.kr,중앙행정기관,청,청|정부도메인
a6ad094e-a0c5-525b-a320-783bbc8a067e,포천시청,https://www.pocheon.go.kr,중앙행정기관,청,청|정부도메인
2d714029-e765-57ec-9ba3-cf63dcf02b5a,경기도의회,https://www.ggc.go.kr/site/main/home,지방자치단체,도,지방자치단체|정부도메인
7161d4e9-dcc1-50c5-827b-4fc7101e8b1a,경기콘텐츠진흥원,https://www.gcon.or.kr/,중앙행정기관,기타,공공기관
b7a8234d-4863-5d74-93cb-2bf82f821d6e,수원시청,https://www.suwon.go.kr,중앙행정기관,청,청|정부도메인
92b18fe7-80ff-501b-b263-1c18c4c62df7,경기도청,https://www.gg.go.kr,중앙행정기관,청,청|정부도메인
99b93614-1d32-587b-b4cd-43f0f773e66d,홍천군청,https://www.hongcheon.go.kr,중앙행정기관,청,청|정부도메인
126b3b40-842f-5970-b088-a447e621077a,태백시청,https://www.taebaek.go.kr,중앙행정기관,청,청|정부도메인
db515031-8914-5a25-b555-61d0cb97765c,정선군청,https://www.jeongseon.go.kr,중앙행정기관,청,청|정부도메인
8f91c5f5-b2d0-5cef-a611-23a748ec3d94,화천군 대표 누리집,https://www.ihc.go.kr,지방자치단체,군,정부도메인
e89297ad-ea4c-5763-8b53-9236f20860b2,양양군청,https://www.yangyang.go.kr,중앙행정기관,청,청|정부도메인
2bef1585-45ea-5240-a7f3-309a8d355ab7,강원특별자치도청,https://state.gwd.go.kr/portal,중앙행정기관,청,청|정부도메인
7dd629d5-a52c-5ef7-a869-7c761589a29d,삼척시청,https://www.samcheok.go.kr,중앙행정기관,청,청|정부도메인
f4e59fda-0889-5222-8f76-f18eda4ae907,영월군청,https://www.yw.go.kr,중앙행정기관,청,청|정부도메인
a67a5c26-a588-5af2-94b4-b2e6ef3cc0d9,평창군청,https://www.pc.go.kr,중앙행정기관,청,청|정부도메인
7794a28a-7039-51d7-8275-23ad4de532fa,철원군청,https://www.cwg.go.kr,중앙행정기관,청,청|정부도메인
8c0ce5ea-1828-5c61-93bd-dbdd2dc10cd5,강원도청,https://www.gwgs.go.kr,중앙행정기관,청,청|정부도메인
697c1288-f35c-5c99-a564-241b56ac2831,춘천시청,https://www.chuncheon.go.kr,중앙행정기관,청,청|정부도메인
d8cce671-43f4-5171-a6dc-2822bf7abe66,강릉시청,https://www.gangneung.go.kr,중앙행정기관,청,청|정부도메인
f38e4850-5b6f-5b19-8a13-dce88c817a4d,동해시청,https://www.dh.go.kr,중앙행정기관,청,청|정부도메인
1889e871-6313-5996-adfd-e1ebfe1e5e70,속초시청,https://www.sokcho.go.kr,중앙행정기관,청,청|정부도메인
97b14641-16b5-5609-a393-47702561e25d,인제군청,https://www.inje.go.kr,중앙행정기관,청,청|정부도메인
6d3e6c11-c09c-58aa-a1a0-ef6546750765,원주시청,https://www.wonju.go.kr,중앙행정기관,청,청|정부도메인
03abbd42-b913-59c6-ae65-6267e119012f,횡성군청,https://www.hsg.go.kr,중앙행정기관,청,청|정부도메인
ea24c4bc-9a20-594f-ab2a-80bd1a70f3fe,양구군청,https://www.yanggu.go.kr,중앙행정기관,청,청|정부도메인
417e08c9-9b46-57b8-99ce-23674ea1def5,청주시청,https://intro.cheongju.go.kr,중앙행정기관,청,청|정부도메인
7a4b81bd-512a-5889-b0e6-3940ff9112ff,충주시청,https://www.chungju.go.kr,중앙행정기관,청,청|정부도메인
2ede7a50-b382-5448-9b2a-7c7498177c17,제천시청,https://www.jecheon.go.kr,중앙행정기관,청,청|정부도메인
9aba3e21-f86c-5103-aaa2-2d4cd69dbcc6,보은군청,https://www.boeun.go.kr,중앙행정기관,청,청|정부도메인
81ff041a-b150-5b4c-b40f-cf81265a232a,옥천군청,https://www.oc.go.kr,중앙행정기관,청,청|정부도메인
67a2a188-b626-539c-95dd-b4043d1404d5,영동군청,https://www.yd21.go.kr,중앙행정기관,청,청|정부도메인
4f2a7149-b350-5ac9-b9cf-030c4ebbf50b,진천군청,https://www.jincheon.go.kr,중앙행정기관,청,청|정부도메인
c77afb7f-befb-5bd8-bcda-f9203b3537ec,괴산군청,https://www.goesan.go.kr,중앙행정기관,청,청|정부도메인
9f6b27e3-297e-57ae-a16f-1b38bed1f0d3,음성군청,https://www.eumseong.go.kr,중앙행정기관,청,청|정부도메인
5dc5b1e1-51e1-5052-b958-d992f6d96e99,단양군청,https://www.danyang.go.kr,중앙행정기관,청,청|정부도메인
0ee59329-be25-5af1-ae63-c6cc7ceae5e5,증평군청,https://www.jp.go.kr,중앙행정기관,청,청|정부도메인
e635ccde-ae89-55f5-a707-3d7d0a6b0ec0,충청북도청,https://www.chungbuk.go.kr/www/index.do,중앙행정기관,청,청|정부도메인
af93c235-ef8a-5df9-a6a7-7c1384f4b9dc,천안시청,https://www.cheonan.go.kr,중앙행정기관,청,청|정부도메인
35288b64-76cd-5965-b5f3-eb7e0f6b8a69,공주시청,https://www.gongju.go.kr,중앙행정기관,청,청|정부도메인
c6099753-885d-5202-b08c-7a164b65e21c,보령시청,https://www.brcn.go.kr,중앙행정기관,청,청|정부도메인
8607c163-16a0-5c88-a4f7-423b02ccfb79,아산시청,https://www.asan.go.kr,중앙행정기관,청,청|정부도메인
c3b98f02-23d0-5dd0-8c14-5182feb0c909,서산시청,https://www.seosan.go.kr,중앙행정기관,청,청|정부도메인
bc28cb37-9c69-5383-b850-994a8aa8ed06,논산시청,https://www.nonsan.go.kr,중앙행정기관,청,청|정부도메인
f74ab455-1ced-52a1-884b-9d234af12879,금산군청,https://www.geumsan.go.kr,중앙행정기관,청,청|정부도메인
e13cc1c1-4a30-587b-beaf-bd0435615d8a,부여군청,https://www.buyeo.go.kr,중앙행정기관,부,부|정부도메인
256d3225-83e9-5d0b-820d-bb8a47ef7adc,서천군청,https://www.seocheon.go.kr,중앙행정기관,청,청|정부도메인
06e4cea8-2b04-59e7-b400-c64c00af06ba,청양군청,https://www.cheongyang.go.kr,중앙행정기관,청,청|정부도메인
62219142-abdf-55a4-94fd-54d1d4e717e8,홍성군청,https://www.hongseong.go.kr,중앙행정기관,청,청|정부도메인
5144ed01-c5f0-5303-a96b-91cb2ea9f586,예산군청,https://www.yesan.go.kr,중앙행정기관,청,청|정부도메인
5f974a8d-e390-53ac-a614-ad755a7b73c7,태안군청,https://www.taean.go.kr,중앙행정기관,청,청|정부도메인
aa44e198-6125-5e2f-9390-98470f3b3787,계룡시청,https://www.gyeryong.go.kr,중앙행정기관,청,청|정부도메인
29e7b9ad-ed1e-503f-a88a-9ddd0002e437,당진시청,https://www.dangjin.go.kr,중앙행정기관,청,청|정부도메인
a7479389-cb4e-50d1-9a1e-cd86cf6d245a,충청남도 누리집,https://www.chungnam.go.kr,중앙행정기관,청,청|정부도메인
9faa31bf-ad12-5ad4-b576-7f1fc2e52bae,충청남도농업기술원,https://cnnongup.chungnam.go.kr/main.cs,중앙행정기관,청,청|정부도메인
b0ce5d46-7171-548e-a5f8-8373eae00b79,충청남도의회,https://council.chungnam.go.kr/,중앙행정기관,청,청|정부도메인
63f6f54e-3b75-5991-a1bc-c9bca6f6c9f9,충청남도 보건환경연구원,https://www.chungnam.go.kr/healthenv.do,중앙행정기관,청,청|정부도메인
008b7a3a-1935-5432-b48a-bcc1b9598fdc,충청남도산림자원연구소,https://keumkang.chungnam.go.kr,중앙행정기관,청,청|정부도메인
aff12ed9-b59e-5629-bfa2-d8e8da3c705e,충청남도 건설본부,https://www.chungnam.go.kr/construction.do,중앙행정기관,부,부|정부도메인
04ef5c37-a837-5820-bd92-87bcb4330dba,충청소방 공주소방서,https://www.cn119.go.kr/gongju/,중앙행정기관,청,청|정부도메인
32924921-9c8e-5be9-b7f2-05f30badec8a,충청소방 보령소방서,https://www.cn119.go.kr/boryung/,중앙행정기관,청,청|정부도메인
3a10ef3f-7c9b-54b2-9075-68b2a5fe7a02,충청소방 아산소방서,https://www.cn119.go.kr/asan/,중앙행정기관,청,청|정부도메인
cf528499-1862-575d-aad6-7228e4188bd7,충청소방 서산소방서,https://www.cn119.go.kr/seosan/,중앙행정기관,청,청|정부도메인
27240007-78c5-56bf-8620-0d6d241ed4f9,충청소방 논산소방서,https://www.cn119.go.kr/nonsan/,중앙행정기관,청,청|정부도메인
956a9576-ae22-53ff-b816-483c4efbd67e,충청소방 홍성소방서,https://www.cn119.go.kr/hongseong/,중앙행정기관,청,청|정부도메인
aac6c76c-81e6-5b58-83f7-1390d895b7d7,충청소방 예산소방서,https://www.cn119.go.kr/yesan/,중앙행정기관,청,청|정부도메인
8beb2bf4-30c8-5771-81ec-ddff361aca27,충청소방 당진소방서,https://www.cn119.go.kr/dangjin/,중앙행정기관,청,청|정부도메인
cfbae9d2-72a2-5055-b71a-d3d28e9c4110,충청소방 부여소방서,https://www.cn119.go.kr/buyeo/,중앙행정기관,부,부|정부도메인
b21a515b-9ea4-548f-a2db-d1390bcf1c7b,충청남도 축산기술연구소,https://www.chungnam.go.kr/liveStock.do,중앙행정기관,청,청|정부도메인
770495ac-68a3-5fbe-ac3e-779fafba34b3,충청남도 동물위생시험소,https://www.chungnam.go.kr/cnvri.do,중앙행정기관,청,청|정부도메인
b9654d2c-5f5a-5fe1-ad90-1efb227cad26,충청소방 금산소방서,https://www.cn119.go.kr/geumsan/,중앙행정기관,청,청|정부도메인
1f8cb805-87b7-5ae4-8c10-6105ca00d352,충청소방 서천소방서,https://www.cn119.go.kr/seocheon/,중앙행정기관,청,청|정부도메인
204be7fa-fcfe-5063-9774-02e6d8e5d04d,충청소방 천안동남소방서,https://www.cn119.go.kr/dongnam/,중앙행정기관,청,청|정부도메인
0e0c2fa5-4d8c-5007-918e-312f4ce0665b,충청소방 천안서북소방서,https://www.cn119.go.kr/seobuk/,중앙행정기관,청,청|정부도메인
b7939172-0e6f-5361-87b0-deca67d70117,충청소방 태안소방서,https://www.cn119.go.kr/taean/,중앙행정기관,청,청|정부도메인
4e9acd93-c6e8-592e-8f69-7d4dacf1167c,포항시청,https://www.pohang.go.kr,중앙행정기관,청,청|정부도메인
20688e46-9d4b-535e-b244-ae9831a3c7b4,경주시청,https://www.gyeongju.go.kr,중앙행정기관,청,청|정부도메인
74313a9d-1fcb-5a7c-8749-1cdf64cf02cf,김천시청,https://gc.go.kr,중앙행정기관,청,청|정부도메인
f713e767-2dc8-5f65-8fdd-02661173e4b4,안동시청,https://www.andong.go.kr,중앙행정기관,청,청|정부도메인
46141d66-489d-57d9-b315-d9c607bdf384,구미시청,https://www.gumi.go.kr,중앙행정기관,청,청|정부도메인
050a461c-9f2e-50b5-9ff7-ff4cb022dc43,영주시청,https://www.yeongju.go.kr,중앙행정기관,청,청|정부도메인
c8e6bbf4-5214-5a20-b680-851869385d96,영천시청,https://www.yc.go.kr,중앙행정기관,청,청|정부도메인
ffce4b69-ed89-57e0-9324-50363c7d0242,상주시청,https://www.sangju.go.kr,중앙행정기관,청,청|정부도메인
3a58477a-f07c-51a8-90b7-dc9cb9e1b976,문경시청,https://www.gbmg.go.kr/main.do,중앙행정기관,청,청|정부도메인
fe484f55-176d-5223-8022-4ec3c0112046,의성군청,https://www.usc.go.kr,중앙행정기관,청,청|정부도메인
26f10f67-0c3d-5ea2-bec3-885be1f83e7c,청송군청,https://www.cs.go.kr,중앙행정기관,청,청|정부도메인
33c9c125-1e36-5728-82b4-5a20dc9ec819,영양군청,https://www.yyg.go.kr,중앙행정기관,청,청|정부도메인
8c96262f-6023-567f-bfa5-65e68e782558,영덕군청,https://www.yd.go.kr,중앙행정기관,청,청|정부도메인
dac29d66-7128-53a5-b024-d7896c60d88e,청도군청,https://www.cheongdo.go.kr,중앙행정기관,청,청|정부도메인
6f43ccc4-491d-5138-b532-00e29beafc88,고령군청,https://www.goryeong.go.kr,중앙행정기관,청,청|정부도메인
3fd59d55-5ef8-505a-bbce-6c7bcd558af4,칠곡군청,https://www.chilgok.go.kr,중앙행정기관,청,청|정부도메인
f2551ad4-ba20-52fe-a76c-88d56bd693df,예천군청,https://www.ycg.kr,중앙행정기관,청,청
29c64d0d-4350-5511-809f-2c4028b5c3d7,봉화군청,https://www.bonghwa.go.kr,중앙행정기관,청,청|정부도메인
cbe8e60d-5dfd-57d7-b423-f1a24dd0fa2f,울진군청,https://www.uljin.go.kr,중앙행정기관,청,청|정부도메인
2235e9c5-907d-596d-ac9c-5e7806adebce,울릉군청,https://www.ulleung.go.kr,중앙행정기관,청,청|정부도메인
0e596afb-3046-59e7-ba1b-2d4fd26434db,경상북도청,https://www.gb.go.kr,중앙행정기관,청,청|정부도메인
5fbd9417-f768-5266-8bc6-bec263b9fae2,경북소방학교,https://gb119.go.kr/gfa/index.jsp,중앙행정기관,기타,정부도메인
9ea70ca3-ebbd-5329-9891-213c6d780f70,경산시청,https://gbgs.go.kr,중앙행정기관,청,청|정부도메인
67b139f1-b2d4-5645-969f-049986fe7546,성주군청,https://www.sj.go.kr,중앙행정기관,청,청|정부도메인
ca0ccf0d-451b-5884-9864-590758bba9f2,진주시청,https://www.jinju.go.kr,중앙행정기관,청,청|정부도메인
2a96eeb4-4c3b-5a0c-b09e-e6addeef74d4,통영시청,https://www.tongyeong.go.kr,중앙행정기관,청,청|정부도메인
fcab156c-54b0-5980-99c7-170e3ad57208,사천시청,https://sacheon.go.kr,중앙행정기관,청,청|정부도메인
6fa6dd91-6e43-521b-a402-ae93a2d2e2d4,김해시청,https://www.gimhae.go.kr,중앙행정기관,청,청|정부도메인
e3ab0a00-2ce9-5eee-aef1-419e6b03c2fc,거제시청,https://www.geoje.go.kr,중앙행정기관,청,청|정부도메인
17dbc7b2-b297-5d4b-bd71-135ed5f92be5,양산시청,https://www.yangsan.go.kr,중앙행정기관,청,청|정부도메인
dbae3364-e10e-519a-a9dd-5e68eb433a73,의령군청,https://www.uiryeong.go.kr,중앙행정기관,청,청|정부도메인
5275f6b6-3fc7-5e4a-928c-9da3aac447dd,함안군청,https://www.haman.go.kr,중앙행정기관,청,청|정부도메인
2080cc14-f13c-54a0-99e7-a94947154e30,창녕군청,https://www.cng.go.kr,중앙행정기관,청,청|정부도메인
ffd62e87-4938-5f37-b7b3-f9a0ce04d0ac,고성군청,https://www.goseong.go.kr,중앙행정기관,청,청|정부도메인
c55e953c-f4d9-590e-a660-037713286d64,남해군청,https://www.namhae.go.kr,중앙행정기관,청,청|정부도메인
f9b82833-b85b-55a5-8f1c-9f1d2d97fb81,하동군청,https://www.hadong.go.kr,중앙행정기관,청,청|정부도메인
886617b0-4e05-52cf-b9ef-35f15b7358f5,산청군청,https://www.sancheong.go.kr,중앙행정기관,청,청|정부도메인
94a0156c-a754-5755-99c3-5a5fef0cbd1a,함양군청,https://www.hygn.go.kr,중앙행정기관,청,청|정부도메인
006aad3f-a584-5030-a1d3-25a8bd74d91c,거창군청,https://www.geochang.go.kr,중앙행정기관,청,청|정부도메인
8d9ae65c-1229-563f-a2ad-0dee2c46be6c,합천군청,https://www.hc.go.kr,중앙행정기관,청,청|정부도메인
b4a657c5-e21b-5939-90fe-f58ae1758c35,창원시청,https://www.changwon.go.kr,중앙행정기관,청,청|정부도메인
ac8201eb-7e54-5a6f-9a36-b321344f7a95,경상남도청,https://www.gyeongnam.go.kr,중앙행정기관,청,청|정부도메인
2347bbe0-1ab1-5f6c-b2f4-289ef8f80625,MIRYANG,https://miryang.go.kr,중앙행정기관,기타,정부도메인
79048bcf-bc7d-584f-8195-5c9448a48524,전주시청,https://www.jeonju.go.kr,중앙행정기관,청,청|정부도메인
966d3e2e-3010-59b0-b003-43bf5cbb07f5,군산시청,https://www.gunsan.go.kr,중앙행정기관,청,청|정부도메인
f6f6aca9-d8e7-5874-ad95-1b839bd3f089,익산시청,https://www.iksan.go.kr,중앙행정기관,청,청|정부도메인
1da09606-b9c2-5bbc-8e1a-01f11f32e851,정읍시청,https://www.jeongeup.go.kr,중앙행정기관,청,청|정부도메인
4977fcf4-ccfa-5b2c-9a54-4635b198f662,남원시청,https://www.namwon.go.kr,중앙행정기관,청,청|정부도메인
106269b2-8a84-537f-a279-5b4dca576fa3,김제시청,https://www.gimje.go.kr,중앙행정기관,청,청|정부도메인
05f34cfb-2828-5a9a-869c-9bd7590a16ba,완주군청,https://www.wanju.go.kr,중앙행정기관,청,청|정부도메인
6e730dc4-8107-5613-ada8-3e127d4de619,JINAN,https://jinan.go.kr,중앙행정기관,기타,정부도메인
1b2c856f-d5b9-5723-8cfb-460d6a579217,무주군청,https://www.muju.go.kr,중앙행정기관,청,청|정부도메인
0b1c5965-d71a-538a-a93d-41d16a5c758d,장수군청,https://www.jangsu.go.kr,중앙행정기관,청,청|정부도메인
4564acb1-79a8-545e-93af-86834d268c94,임실군청,https://www.imsil.go.kr,중앙행정기관,청,청|정부도메인
b0e899a6-f414-5ce6-9c4d-8a8f2941e7bc,순창군청,https://www.sunchang.go.kr,중앙행정기관,청,청|정부도메인
add8f855-33e6-5641-afb0-f4f0dae1a935,고창군청,https://www.gochang.go.kr,중앙행정기관,청,청|정부도메인
039e1871-273f-5ae2-b212-fcce2ddc5a6e,부안군청,https://www.buan.go.kr,중앙행정기관,부,부|정부도메인
56544128-af39-54fb-896f-364db442957e,전라북도청,https://www.jeonbuk.go.kr,중앙행정기관,청,청|정부도메인
76b264dc-ed66-5977-a43b-24145354bb11,목포시청,https://www.mokpo.go.kr,중앙행정기관,청,청|정부도메인
92e23090-0435-5201-9f17-0738eaf5ad07,여수시청,https://www.yeosu.go.kr,중앙행정기관,청,청|정부도메인
081dbce2-1658-5059-a633-fea7a65fc35f,순천시청,https://www.suncheon.go.kr,중앙행정기관,청,청|정부도메인
20dfe55d-83b2-54b7-bcee-cdd784d57b8e,나주시청,https://www.naju.go.kr,중앙행정기관,청,청|정부도메인
4a1d305f-6460-5ddb-bcaa-7b8b8ccba007,광양시청,https://www.gwangyang.go.kr,중앙행정기관,청,청|정부도메인
d24f5250-59b8-5068-ae8a-3a4b3c92c653,담양군청,https://www.damyang.go.kr,중앙행정기관,청,청|정부도메인
cc955633-6f42-5901-bb3d-4b147567e982,구례군청,https://www.gurye.go.kr,중앙행정기관,청,청|정부도메인
3adde24f-b546-5d74-adeb-e7e652614f44,보성군청,https://www.boseong.go.kr,중앙행정기관,청,청|정부도메인
48eeb829-33a8-59b5-a4af-f8685bd3eda1,화순군청,https://www.hwasun.go.kr,중앙행정기관,청,청|정부도메인
8a2117b6-dafb-5d9d-8ddd-dff865c98aa8,장흥군청,https://www.jangheung.go.kr,중앙행정기관,청,청|정부도메인
6c623b4f-172a-5ca5-88bc-87b475a4715f,강진군청,https://www.gangjin.go.kr,중앙행정기관,청,청|정부도메인
5bba7301-edbb-510a-96a7-5bfc7b0836d5,해남군청,https://www.haenam.go.kr,중앙행정기관,청,청|정부도메인
03af1de8-b393-5c77-8fb2-e223a61ac6a8,영암군청,https://www.yeongam.go.kr,중앙행정기관,청,청|정부도메인
67edec04-c07e-53ce-9002-71da1c3278e2,무안군청,https://www.muan.go.kr,중앙행정기관,청,청|정부도메인
745d8d6b-0ab8-5447-89f3-ed1ca108f8f1,함평군청,https://www.hampyeong.go.kr,중앙행정기관,청,청|정부도메인
9cf39d23-51f3-5c14-bcb3-95e67af6eafd,영광군청,https://www.yeonggwang.go.kr,중앙행정기관,청,청|정부도메인
8b0fc8c6-b587-50eb-83d2-2cc99316ed2b,장성군청,https://www.jangseong.go.kr,중앙행정기관,청,청|정부도메인
b53825dc-257c-5698-bdad-ff1559efa5cf,완도군청,https://www.wando.go.kr,중앙행정기관,청,청|정부도메인
88c0e443-2fea-5d75-98d3-4406e5046d9c,진도군청,https://www.jindo.go.kr/intro.jsp,중앙행정기관,청,청|정부도메인
4bc2ec97-3392-5001-8c9b-ac0f17aa8288,신안군청,https://www.shinan.go.kr,중앙행정기관,청,청|정부도메인
783f6125-5c14-5dda-a585-34cef4c01a0b,전라남도청,https://www.jeonnam.go.kr,중앙행정기관,청,청|정부도메인
c22e485e-a97a-5f73-8b0d-f3e055088e4f,곡성군청,https://www.gokseong.go.kr,중앙행정기관,청,청|정부도메인
7e37750c-f23e-5a32-9225-ab0c1fcc9ab9,고흥군청,https://www.goheung.go.kr,중앙행정기관,청,청|정부도메인
68cad4a0-e437-504d-924f-838ac0d6f9ac,제주특별자치도,https://www.jeju.go.kr,지방자치단체,특별자치도,지방자치단체|정부도메인
5ead692c-772e-5ba6-9561-76050800735e,제주시청,https://www.jejusi.go.kr,중앙행정기관,청,청|정부도메인
702e973e-a778-543b-b5ec-5010bde83ac3,서귀포시청,https://www.seogwipo.go.kr,중앙행정기관,청,청|정부도메인
507037dc-d77c-5304-abc2-5822d133cede,서울특별시교육청,https://www.sen.go.kr/sen/index.do,중앙행정기관,청,청|정부도메인
6e1e6b19-3272-53cc-b07f-45faad7edc13,부산광역시교육청,https://www.pen.go.kr,중앙행정기관,부,부|정부도메인
f8abda6a-1371-53fd-8007-96f79484d6de,인천광역시교육청,https://www.ice.go.kr,중앙행정기관,청,청|정부도메인
3027d511-bad6-5cf4-99af-cd5c9a2cd13f,대구광역시교육청,https://www.dge.go.kr/main/main.do,중앙행정기관,청,청|정부도메인
2b7265d6-b78a-569c-9a34-c167926605f4,대전광역시교육청,https://www.dje.go.kr,중앙행정기관,청,청|정부도메인
e78d3723-d6aa-53de-a2f2-53405b6f95a2,광주광역시교육청,https://www.gen.go.kr,중앙행정기관,청,청|정부도메인
d0a24212-6c89-5152-b30a-eee39e747b5d,울산교육청,https://use.go.kr/use/index.do,중앙행정기관,청,청|정부도메인
8d645244-ea6e-5a01-a8c7-6f3ca9b0c76c,세종특별자치시교육청,https://www.sje.go.kr,중앙행정기관,청,청|정부도메인
13f62df1-d9b8-5f1e-887c-6166f856d908,경기도교육청,https://www.goe.go.kr,중앙행정기관,청,청|정부도메인
3095e0c3-c445-5b50-8db2-9dd89d289816,강원특별자치도교육청,https://www.gwe.go.kr,중앙행정기관,청,청|정부도메인
e16cc1d3-78bb-50b3-a7ee-a301fcecb820,충청북도교육청,https://www.cbe.go.kr,중앙행정기관,청,청|정부도메인
22904ab8-7997-51e8-b1c0-23340f6d6425,충청남도교육청,https://www.cne.go.kr,중앙행정기관,청,청|정부도메인
fd6bab07-02d5-56e1-b4c1-21c42bef1777,경상북도교육청,https://www.gbe.kr,중앙행정기관,청,청
4363967d-1ee0-58d8-9c98-de99cc271d22,전북특별자치도교육청,https://www.jbe.go.kr/index.jbe,중앙행정기관,청,청|정부도메인
09934a5a-b713-50c7-85ea-297d2886a50a,전라남도교육청,https://www.jne.go.kr,중앙행정기관,청,청|정부도메인
253670b2-755a-5995-9d7a-b37685391899,제주특별자치도교육청,https://www.jje.go.kr,중앙행정기관,청,청|정부도메인
04351287-1990-5bd0-8857-90894af85017,국회,https://www.assembly.go.kr,중앙행정기관,기타,정부도메인
9a9376dd-6c28-558c-bd95-44fea784d5ea,대법원,https://www.scourt.go.kr,중앙행정기관,기타,정부도메인
c73979ff-c652-5173-b22f-2b6e3297e8e9,헌법재판소,https://www.ccourt.go.kr,중앙행정기관,기타,정부도메인
1ba25472-7272-52cf-bbc5-fa09d79708a7,중앙선거관리위원회,https://www.nec.go.kr,중앙행정기관,위원회,위원회|정부도메인
a17fae23-989c-5df8-994a-009976865edd,자원봉사포털,https://www.1365.go.kr,중앙행정기관,기타,정부도메인
c487b11e-4a0e-5ef6-948a-8d9cfe182044,개인정보분쟁조정위원회,https://www.kopico.go.kr,중앙행정기관,위원회,위원회|정부도메인
ac76d24c-c21c-5be4-8a79-ecd6a251bc4a,개인정보포털,https://www.privacy.go.kr,중앙행정기관,기타,정부도메인
3e45acb4-3ce4-57c2-999b-48d7ddcdfd81,세움터,https://www.eais.go.kr,중앙행정기관,기타,정부도메인
00125f18-d03d-5233-8277-d034b4ceb0aa,자동차365,https://www.car365.go.kr,중앙행정기관,기타,정부도메인
1a921cc4-c7e5-5d16-b6df-92deb8e9636c,경제사회노동위원회,https://www.eslc.go.kr,중앙행정기관,위원회,위원회|정부도메인
5d77646e-0ec8-5f67-ba50-3f37c3e7c7af,공공데이터포털,https://www.data.go.kr,중앙행정기관,기타,정부도메인
f219d804-ecc8-55a7-880d-c32dbb611ab3,통합관리시스템,https://www.service.go.kr,지방자치단체,시,지방자치단체|정부도메인
8d2b1729-81f3-5014-957b-ab0b470ff212,공유누리,https://www.eshare.go.kr,중앙행정기관,기타,정부도메인
f2e6f992-2ead-54de-b419-24d40a217686,공직자통합메일,https://mail.korea.kr,중앙행정기관,기타,공공기관
142abbd4-43a3-586a-8d7c-9777a99e6bf7,전자민원센터,https://www.emsit.go.kr,중앙행정기관,기타,정부도메인
6ab9e985-35c7-5479-a8ba-6a8fa2a705a9,국가과학기술자문회의,https://www.pacst.go.kr,중앙행정기관,기타,정부도메인
78ffee74-ea5c-50ad-8ceb-2a26559a2dd3,국가법령정보센터,https://www.law.go.kr,중앙행정기관,기타,정부도메인
763a4fdd-db5b-547d-ad22-49ca2539e1a5,국립보건연구원,https://www.nih.go.kr,중앙행정기관,기타,정부도메인
3eaf15b4-ee94-5452-ae8a-5a2e5d9b86c7,국무총리비서실,https://www.opm.go.kr,중앙행정기관,기타,정부도메인
b4aec254-b50d-5fe9-8686-e9533fe9056d,국민경제자문회의,https://www.neac.go.kr,중앙행정기관,기타,정부도메인
63b91f16-7b06-5d05-954b-dfea04b224d8,국민비서,https://www.ips.go.kr,중앙행정기관,기타,정부도메인
8b42ab9b-4492-5518-b000-31f0e6edef90,국민신문고,https://www.epeople.go.kr,중앙행정기관,기타,정부도메인
ca1b919b-8c4b-58a9-9629-378e2cdb450e,국민재난안전포털,https://www.safekorea.go.kr,중앙행정기관,기타,정부도메인
bb1bb452-aa30-5937-8fa6-36374c10c98b,국민참여입법센터,https://lawmaking.go.kr,중앙행정기관,기타,정부도메인
20783955-43d6-5e44-be05-04e284ba4372,규제샌드박스,https://www.sandbox.go.kr,중앙행정기관,기타,정부도메인
26f6525d-26ac-5c03-a355-9b3957703bc7,규제정보포털,https://www.better.go.kr,중앙행정기관,기타,정부도메인
4286424d-5584-54f3-a87f-a629aa8729db,기후정보포털,https://www.climate.go.kr,중앙행정기관,기타,정부도메인
6b26b326-1c8a-538b-a2e8-753e04bdadeb,나라장터,https://www.g2b.go.kr,중앙행정기관,기타,정부도메인
4a09b0cc-952f-5d92-8116-19785f8812c4,종합쇼핑몰,https://shop.g2b.go.kr,중앙행정기관,기타,정부도메인
05ea3f26-3c07-5340-b7d3-7feb1366dc8c,디지털서비스몰,https://digitalmall.g2b.go.kr,중앙행정기관,기타,정부도메인
4dddbe80-c32a-5fcc-9290-2946f17a3ec0,대테러센터,https://www.nctc.go.kr,중앙행정기관,기타,정부도메인
d8feb6fd-2934-5d57-8074-2ccf52023380,안내시스템,https://www.juso.go.kr,지방자치단체,시,지방자치단체|정부도메인
304ffd84-14d0-5889-81a1-6aa1783ea83a,디지털서비스개방,https://www.openservice.go.kr,중앙행정기관,기타,정부도메인
b0dfb87b-f2fa-527b-b4c2-af43bb61c729,디지털원패스,https://www.onepass.go.kr,중앙행정기관,기타,정부도메인
29af266d-333a-5dae-b878-b222d9d8ba8a,문서24,https://docu.gdoc.go.kr,중앙행정기관,기타,정부도메인
f9bc0a64-ed0e-5b04-aad2-46432a0fdd92,전자문서함,https://pubox.gdoc.go.kr,중앙행정기관,기타,정부도메인
3f54d8f2-723f-5261-a9d1-15c5cb861aed,문서유통센터,https://center.gdoc.go.kr,중앙행정기관,기타,정부도메인
e1374d81-ce97-553b-ac76-cd30d3e5ec8a,민주평화통일자문회의,https://www.puac.go.kr,중앙행정기관,기타,정부도메인
c1597b26-d5ff-5937-8426-4d9c6bc27839,장사정보시스템,https://www.15774129.go.kr,지방자치단체,시,지방자치단체|정부도메인
62d91160-475e-59df-9e06-1aa8aa7b655c,복지로,https://www.bokjiro.go.kr,중앙행정기관,기타,정부도메인
78ef046e-3dab-5cd6-b918-594a4237bfeb,재난관리업무포털,https://ndms.go.kr,중앙행정기관,기타,정부도메인
a580f766-34e6-5be5-88e9-3f61620c1eb0,소통24,https://www.sotong.go.kr,중앙행정기관,기타,정부도메인
57f66ea8-773a-528f-b9ac-1928e1510b91,스마트폰 인증서이동 서비스,https://smart.mobile.go.kr,중앙행정기관,기타,정부도메인
0173d4ef-57d0-5789-b3ae-80beec8ffd3e,안전신문고,https://www.safetyreport.go.kr,중앙행정기관,기타,정부도메인
3776edd4-9bcc-5731-9d71-152683f07252,영상회의시스템,https://vc.on-nara.go.kr,지방자치단체,시,지방자치단체|정부도메인
e43175db-da0b-5119-81de-a7d53285e826,우체국,https://www.epost.go.kr,중앙행정기관,기타,정부도메인
5b787b9e-0c6b-59bf-87c0-47f0a22852b0,일사편리,https://www.kras.go.kr,중앙행정기관,기타,정부도메인
d54e05af-6d99-52e2-9b63-7de2576b7ab5,자동차민원대국민포털,https://www.ecar.go.kr,중앙행정기관,기타,정부도메인
40a8f5e3-dc97-5030-8399-cfcd49665668,자전거행복나눔,https://bike.go.kr,중앙행정기관,기타,정부도메인
4960bd4c-a8a0-572b-9c31-b8a8d08ee6f7,전자관보시스템,https://gwanbo.go.kr,지방자치단체,시,지방자치단체|정부도메인
186407f4-f722-550d-bd70-f24205dfe4bd,정보공개포털,https://www.open.go.kr,중앙행정기관,기타,정부도메인
45b7997d-0585-57e3-8141-598ed09b9e5a,정부24,https://gov.kr,중앙행정기관,부,부
0a422489-c251-5d05-9ed7-eabe6cd129ba,플러스,https://plus.gov.kr,중앙행정기관,기타,공공기관
4e41d791-0a9d-5d3f-8248-045f31e0217a,정부원격근무서비스,https://www.gvpn.go.kr,중앙행정기관,부,부|정부도메인
19d725b7-9c6e-56e4-9514-2b1498f77215,정부조직관리정보시스템,https://www.org.go.kr,중앙행정기관,부,부|정부도메인
77999b06-002f-5ed8-88b7-bc044b443c99,정책브리핑,https://www.korea.kr,중앙행정기관,기타,공공기관
16a22201-da84-5667-8cc3-b7cf274f4ba0,지표누리,https://www.index.go.kr,중앙행정기관,기타,정부도메인
0acf629f-0e82-5780-b691-e3c10156f06f,e-나라지표,https://www.index.go.kr/enara/,중앙행정기관,기타,정부도메인
31f66b0d-d4dc-5044-b0c5-7f7588100d06,생활법령정보센터,https://www.easylaw.go.kr,중앙행정기관,기타,정부도메인
36a31879-7567-50c3-94ea-7751c1abb524,청원24,https://www.cheongwon.go.kr,중앙행정기관,청,청|정부도메인
9c972158-13a7-5ada-86e9-69140686b3bf,특허심판원,https://www.kipo.go.kr/ipt/,중앙행정기관,기타,정부도메인
25fd0ec3-9af7-531e-a7f3-2c1090504c05,행정전자서명인증센터(GPKI),https://www.gpki.go.kr,중앙행정기관,기타,정부도메인
233a920a-3bd4-5ac1-b036-cc94f51f4b7d,혁신24,https://www.innovation.go.kr,중앙행정기관,기타,정부도메인
63c33ee0-387a-57b2-84ee-f757435ab0b9,통합인증,https://ptl.anyid.go.kr,중앙행정기관,기타,정부도메인
5b7a19a9-e91f-5307-a9b9-405d3c8cbd9a,e나라표준인증,https://www.standard.go.kr,중앙행정기관,기타,정부도메인
0a4cf00b-cb65-59a1-8dff-688a566214ea,경제·인문사회연구회,https://www.nrc.re.kr,지방자치단체,구,연구기관
6db152ce-f99a-57e4-8121-523858132a33,고용24,https://www.work24.go.kr,중앙행정기관,기타,정부도메인
b431a2e0-7312-50d1-adf7-4d681c75b3c0,공공구매종합정보,https://www.smpp.go.kr,지방자치단체,구,정부도메인
e8b070ce-19ba-5347-9449-9a4b5df90d09,행정전자서명인증센터(EPKI),https://www.epki.go.kr,중앙행정기관,기타,정부도메인
ff256290-af40-5104-9813-3850fd3d2b72,국가건축정책위원회,https://www.pcap.go.kr,중앙행정기관,위원회,위원회|정부도메인
8d4c2d55-df5b-58a6-b3c6-624fe8c08874,국가과학기술인력개발원,https://www.kird.re.kr,중앙행정기관,기타,연구기관
02250fb1-ec12-5543-a677-7518162e5443,국가생명윤리심의위원회,https://bioethics.go.kr,중앙행정기관,위원회,위원회|정부도메인
81931819-6826-5af2-87c1-209e306b9dd1,국민연금공단,https://www.nps.or.kr,중앙행정기관,기타,공공기관
73ba2e72-be41-588d-a1fa-25dab8f0c11f,국회도서관,https://www.nanet.go.kr,지방자치단체,도,지방자치단체|정부도메인
9210481c-7320-5b99-9a90-5fdf0d23dadb,국회예산정책처,https://www.nabo.go.kr,중앙행정기관,처,정부도메인
5059e40e-bdb2-5c5a-abaa-6d432aaa09d3,국회입법조사처,https://www.nars.go.kr,중앙행정기관,처,정부도메인
1e561cb7-ad79-553a-a0e3-e382e6483640,기업마당,https://www.bizinfo.go.kr,중앙행정기관,기타,정부도메인
adf30515-691b-5def-8740-409f9e2a66af,나이스 대국민서비스,https://www.neis.go.kr/nxuiPortal/index.html,중앙행정기관,기타,정부도메인
4a79b3f2-2e9e-5431-bb0a-8a25c27a43d7,나이스 학생서비스,https://neisplus.kr,중앙행정기관,기타,공공기관
b7a37657-9c3f-5ec9-aff9-a430011b67fd,나이스 학사관리,https://addup.neisplus.kr,중앙행정기관,기타,공공기관
f33d3b6a-721b-5121-afe1-9b83eb91330d,나이스 학부모서비스,https://parents.neis.go.kr,중앙행정기관,부,부|정부도메인
060cf68c-f9e1-5ff0-89fc-0030e51f3134,검정고시,https://kged.go.kr/nxui/index.html,지방자치단체,시,지방자치단체|정부도메인
7929d2a4-73eb-5405-baa1-52da6540d549,나이스 학원서비스,https://hakwon.neis.go.kr/nxui/index.html,중앙행정기관,기타,정부도메인
dd36bcb9-2d8f-5703-96cc-fceeb6bb1add,나이스 비영리법인,https://nonprofit.neis.go.kr/nxui/index.html,중앙행정기관,기타,정부도메인
709810d0-f618-5ea4-87a6-7d166d2f28dc,나이스 서비스,https://apply.neis.go.kr/nxui/index.html,중앙행정기관,기타,정부도메인
8f840dbb-70e5-5a7b-a13c-ea99566e7296,나이스 신청시스템,https://oneclick.neis.go.kr/nxui/index.html,중앙행정기관,청,청|정부도메인
bb70da80-4e7a-5a6a-bd4a-d658426e5c01,나이스 업무지원,https://cowork.neis.go.kr/nxui/index.html,중앙행정기관,기타,정부도메인
e1dd3e18-fc36-5512-87d9-13693afe9042,교육설문,https://www.eduro.go.kr/nxui/index.html,중앙행정기관,기타,정부도메인
cc5c36fc-d65a-5f64-81b0-b8795d1709c1,행동특성검사,https://mom.eduro.go.kr,중앙행정기관,기타,정부도메인
b36f8456-b274-522c-b119-847c1836d2a7,교육정보개방포털,https://open.neis.go.kr,중앙행정기관,기타,정부도메인
dbaa6ccf-7e9b-5083-aefc-55553565f81c,교육디지털원패스 포털,https://edupass.neisplus.kr/nxuiPtl/index.html,중앙행정기관,기타,공공기관
6d429db1-a5cf-5b2a-b089-bf950b193fb8,AI디지털교과서,https://www.aidtbook.kr/index.do,중앙행정기관,기타,공공기관
06d6a50f-f8ed-5d2b-bad9-067a70731d65,대외경제정책연구원,https://www.kiep.go.kr,중앙행정기관,기타,정부도메인
9a09ed90-1bc1-5902-93c5-f21103e4f0d1,모바일신분증,https://www.mobileid.go.kr,중앙행정기관,기타,정부도메인
61510de4-7948-57c7-98ff-ec2a007f7dab,한국문화원,https://www.kocis.go.kr,중앙행정기관,기타,정부도메인
f8101c30-694c-5b4e-9e27-4d6b1804e034,문화포털,https://www.culture.go.kr,중앙행정기관,기타,정부도메인
769df701-b7f9-5d83-8482-9a2a994dc0f0,범부처통합연구지원시스템(IRIS),https://www.iris.go.kr,중앙행정기관,부,부|정부도메인
b25a2133-eb1d-5d6f-b836-fd2905fab0da,보건복지상담센터,https://www.129.go.kr,중앙행정기관,기타,정부도메인
0be1fd77-7f98-5000-bdfd-83c78af9dc26,사회통합정보망,https://www.socinet.go.kr,중앙행정기관,기타,정부도메인
f5ccabc4-c6f3-5a8d-8fbd-f5488a3c430a,생활안전정보,https://www.safemap.go.kr,중앙행정기관,기타,정부도메인
7a4d6c68-21ac-55d7-9dd1-07dd064604ac,소비자24,https://www.consumer.go.kr,중앙행정기관,기타,정부도메인
1757466c-e163-5070-8272-f9e93cec6649,알리오,https://www.alio.go.kr,중앙행정기관,기타,정부도메인
04243ea0-37a2-5495-b11b-ae7fbc832367,잡알리오,https://job.alio.go.kr,중앙행정기관,기타,정부도메인
f1d879db-ffb3-53ee-a40e-ee47b030e818,온나라지식,https://www.onnara.go.kr,중앙행정기관,기타,정부도메인
2a38e786-4a49-5f91-b1bc-e14b4c4906b2,온회의,https://meet.onnara.go.kr,중앙행정기관,기타,정부도메인
f2036111-b458-5678-98dd-7339dad1f745,온행정지원,https://pas.onnara.go.kr,중앙행정기관,기타,정부도메인
68d442e9-b799-5e9b-b1dc-eb48fa946ba2,정책연구관리시스템 PRISM,https://www.prism.go.kr,지방자치단체,구,지방자치단체|정부도메인
fb776e51-6142-5482-93ea-c155acf7d358,온통청년,https://www.youthcenter.go.kr,중앙행정기관,청,청|정부도메인
56239503-6fab-5527-82d4-5e4d26b32a0d,자동차리콜센터,https://car.go.kr,중앙행정기관,기타,정부도메인
78d3ab4d-c5ac-5bd0-b294-5c9f9bd5a20e,전자정부프레임워크,https://www.egovframe.go.kr,중앙행정기관,부,부|정부도메인
abb27f3f-4960-5025-935b-f714d5667ae3,가이드라인,https://www.krds.go.kr,중앙행정기관,기타,정부도메인
2dc09804-ad7e-53a8-a472-4e5ad19f0926,정부민원안내콜센터,https://www.110.go.kr,중앙행정기관,부,부|정부도메인
02673480-c91e-5e42-81f4-673e14597a03,중앙선거관리위원회 온라인투표시스템,https://www.kvoting.go.kr,중앙행정기관,위원회,위원회|정부도메인
f213224a-8ad1-5c8a-8e5c-5e77a5f98f7e,청소년활동정보서비스,https://www.youth.go.kr,중앙행정기관,청,청|정부도메인
8988c120-e9e1-5bd2-a2d2-ec06b70021c2,커리어넷,https://www.career.go.kr,중앙행정기관,기타,정부도메인
c390b412-1a72-5923-9657-94322fbc029e,토지이음,https://www.eum.go.kr,중앙행정기관,기타,정부도메인
1c3faf44-6ff3-59a8-be09-913c7d177048,특허로,https://www.patent.go.kr,중앙행정기관,기타,정부도메인
a6cef47a-d63d-59bc-802e-79a68cd6c9d5,하이파이브,https://www.hifive.go.kr,중앙행정기관,기타,정부도메인
073b6b30-03a2-509e-9a95-17ef2acd6c2e,학교알리미,https://www.schoolinfo.go.kr,중앙행정기관,기타,정부도메인
f816815e-9aaf-5302-a051-316688ecf75f,행정정보공동이용시스템,https://www.share.go.kr,지방자치단체,시,지방자치단체|정부도메인
4b7521e1-c8e5-5ebc-9dd7-68a6a51e8734,정보유통맵,https://gils.share.go.kr,중앙행정기관,기타,정부도메인
28ac0208-bae5-5bf9-9737-3e7bb6131fb5,형사사법포털,https://www.kics.go.kr,중앙행정기관,기타,정부도메인
914b9ca4-e244-5ec1-bdfd-80a5ee205db3,e나라도움,https://www.gosims.go.kr,지방자치단체,도,지방자치단체|정부도메인
894a2d1e-6683-535b-8091-8dd5a937bf8d,e보건소,https://www.e-health.go.kr,중앙행정기관,기타,정부도메인
73604d11-7f67-5b92-ba34-e0c9cb902fb5,하이코리아,https://www.hikorea.go.kr,중앙행정기관,기타,정부도메인
fa11c230-c137-5422-9347-ad0c7ead581d,K-GeoP,https://kgeop.go.kr,중앙행정기관,기타,정부도메인
58534a48-679c-52ab-b925-0407a6b765df,한국유학종합시스템,https://www.studyinkorea.go.kr,지방자치단체,시,지방자치단체|정부도메인
190059ab-2182-5ed6-91bd-eced30d3a253,GIS통합상황관리시스템,https://gis.ndms.go.kr,지방자치단체,시,지방자치단체|정부도메인
330db222-0309-503a-8088-057ed9280634,부동산거래관리시스템,https://rtms.molit.go.kr,중앙행정기관,부,부|정부도메인
777eea9c-950b-5a83-9f93-288cc2547282,실거래가공개시스템,https://rt.molit.go.kr,지방자치단체,시,지방자치단체|정부도메인
c106acd7-6d62-5008-8783-fc7ee196d526,부동산거래전자계약시스템,https://irts.molit.go.kr,중앙행정기관,부,부|정부도메인
f61e1cd4-4890-5c02-aab0-236399dac48a,한국부동산원,https://www.reb.or.kr,중앙행정기관,부,부
d5bcc5dd-26fe-5940-b48e-bf4c7155edbd,청약홈,https://www.applyhome.co.kr,중앙행정기관,청,청
540fb635-f589-5349-96c2-5d242027f272,인터넷등기소,https://www.iros.go.kr,중앙행정기관,기타,정부도메인
9cc0162d-2a7d-5084-960a-4bf076daf3ed,대한민국 법원 등기정보광장,https://data.iros.go.kr,중앙행정기관,기타,정부도메인
55475320-6a21-57e4-8b5a-41c7f2f429de,전자소송포털,https://ecfs.scourt.go.kr,중앙행정기관,기타,정부도메인
0527226f-09b5-5fad-9868-0d9cdf7358a5,전자공탁,https://ekt.scourt.go.kr,중앙행정기관,기타,정부도메인
0c408027-3b0f-5253-9dad-48a0710f7bb0,전자가족관계등록시스템,https://efamily.scourt.go.kr,지방자치단체,시,지방자치단체|정부도메인
beee6a7c-4bf7-5984-aa98-c35d70510b53,재외국민 가족관계등록사무소,https://kfamily.scourt.go.kr,중앙행정기관,기타,정부도메인
d1f6ebd5-6c97-54d2-8693-9855efb78aba,전자후견등기시스템,https://egdrs.scourt.go.kr,지방자치단체,시,지방자치단체|정부도메인
aac99f90-f5f4-5649-a2f3-630f86ccd90f,사법정보공개포털,https://portal.scourt.go.kr,중앙행정기관,기타,정부도메인
036f4bba-d8f7-5adf-aa0e-94f3c10af351,교통민원24,https://www.efine.go.kr,중앙행정기관,기타,정부도메인
6a73561b-6f41-5590-8d7b-af1c70d70342,4대보험정보연계센터,https://www.4insure.or.kr,중앙행정기관,기타,공공기관
975268a0-d6dc-5fdc-9338-140cf722305d,팩트리온,https://www.factoryon.go.kr,중앙행정기관,기타,정부도메인
7f44e635-3848-55b3-9c9b-7632b6b09a71,홈택스,https://hometax.go.kr,중앙행정기관,기타,정부도메인
2b33bb9e-3131-547e-8c9c-01a9e3887181,국가건강정보포탈시스템,https://health.kdca.go.kr,지방자치단체,시,지방자치단체|정부도메인
248877d2-5c1b-5c77-96c3-de421209a342,중앙응급의료센터,https://www.e-gen.or.kr,중앙행정기관,기타,공공기관
16809fff-10ad-5e59-80e3-59c773d4c1af,국민건강보험,https://www.nhis.or.kr,중앙행정기관,기타,공공기관
12d3ac54-dc97-5c6c-aff3-7779d83c7da7,국가암정보센터,https://cancer.go.kr,중앙행정기관,기타,정부도메인
118d4d65-f0dd-5898-97e4-b3590781b122,노인장기요양보험,https://www.longtermcare.or.kr,중앙행정기관,기타,공공기관
64e4a2ad-6591-5643-8adc-1202518c954d,사회보험통합징수포털,https://si4n.nhis.or.kr,중앙행정기관,기타,공공기관
7b959561-aa65-5225-af47-8191ce8270a2,요양기관정보마당,https://medicare.nhis.or.kr,중앙행정기관,기타,공공기관
5e3a2393-ba5f-59e5-95aa-80ecc3f70e77,국민건강보험 EDI,https://edi.nhis.or.kr,중앙행정기관,기타,공공기관
738f88fe-109d-5e0e-ac4d-da317a8fd084,건강보험빅데이터플랫폼,https://nhiss.nhis.or.kr,중앙행정기관,기타,공공기관
0666fe04-f30e-59d1-be1f-bbd10de8af6a,업무포털시스템(건강관리포털시스템),https://sis.nhis.or.kr,지방자치단체,시,지방자치단체
cc524dc1-8373-5a11-890e-f10e329f046a,전문도서관,https://lib.nhis.or.kr,지방자치단체,도,지방자치단체
2a8944ca-1c45-58ba-b23c-fb36acb288a5,공단가족,https://www.nhis.or.kr/nhis/index.do,중앙행정기관,기타,공공기관
0cbf02f1-e098-5466-bcd9-d9a77c0f2774,비급여정보포털,https://www.nhis.or.kr/nbinfo/index.do,중앙행정기관,기타,공공기관
a688b4c7-3f4e-5c60-92cb-3a2db9fc1fcb,한국의료영상품질관리원,https://www.kiami.or.kr,중앙행정기관,기타,공공기관
c8d83d81-b765-5e4e-8620-ab9eef174845,건강보험심사평가원,https://www.hira.or.kr,중앙행정기관,기타,공공기관
862f790a-75ff-5aa7-a8ec-41e72b971c3e,근로복지넷,https://welfare.comwel.or.kr,중앙행정기관,기타,공공기관
ff708aba-7c8c-5c99-a492-09af506fd87b,퇴직연금제도,https://pension.comwel.or.kr,지방자치단체,도,지방자치단체
b9aa8d5a-cafc-5f0b-8744-4ab7697f99e5,근로복지공단 인천병원,https://www.comwel.or.kr/incheon/,중앙행정기관,기타,공공기관
a49bf81e-d44f-52b2-b196-54627832cbd1,근로복지공단 안산병원,https://www.comwel.or.kr/ansan/,중앙행정기관,기타,공공기관
3d0b5279-4e43-51ed-9638-49db55d22703,근로복지공단 창원병원,https://www.comwel.or.kr/changwon/,중앙행정기관,기타,공공기관
69ef31e1-bc34-5458-8fa6-d614d295764c,근로복지공단 대구병원,https://www.comwel.or.kr/daegu/,중앙행정기관,기타,공공기관
29e871c8-233f-566d-a4b5-c9b29e81e007,근로복지공단 순천병원,https://www.comwel.or.kr/suncheon/,중앙행정기관,기타,공공기관
1f4ea138-1cc7-54b9-9826-1710ac1acaf8,근로복지공단 대전병원,https://www.comwel.or.kr/daejeon/,중앙행정기관,기타,공공기관
3dae5abc-0100-5e34-93f1-c65e550dc26b,근로복지공단 태백병원,https://www.comwel.or.kr/taebaek/,중앙행정기관,기타,공공기관
5387f6d6-59c2-55e4-9d6d-1aace8a59fec,근로복지공단 동해병원,https://www.comwel.or.kr/donghae/,중앙행정기관,기타,공공기관
e0adba3f-dbe2-5333-b088-a82fd482a2ae,근로복지공단 정선병원,https://www.comwel.or.kr/jeongseon/,중앙행정기관,기타,공공기관
95e2cbc8-7648-5612-8d3e-43d66da389be,근로복지공단 경기요양병원,https://www.comwel.or.kr/gyeonggi/,중앙행정기관,기타,공공기관
36bb17ac-6ae4-503a-8a3e-c64c036e2a15,근로복지공단 태백요양병원,https://www.comwel.or.kr/taebaekyoyang/,중앙행정기관,기타,공공기관
2fb0d475-fdf6-5f11-aee5-dddf30a07883,근로복지공단 서울의원,https://www.comwel.or.kr/seoulclinic/,중앙행정기관,기타,공공기관
3541f1cc-5e9f-5fb9-895e-40570103002c,근로복지공단 광주의원,https://www.comwel.or.kr/gwangjuclinic/,중앙행정기관,기타,공공기관
84d5e284-5d1f-503c-aab9-9e035c50280f,근로복지공단 부산의원,https://www.comwel.or.kr/busanclinic/,중앙행정기관,부,부
91e7b83a-be04-509e-8e21-cb119897f2e5,근로복지공단 구미의원,https://www.comwel.or.kr/gumiclinic/,중앙행정기관,기타,공공기관
9ce38d49-ef2b-596c-9c76-c0909b9851fb,근로복지공단 경기케어센터,https://www.comwel.or.kr/care-gyeonggi/,중앙행정기관,기타,공공기관
661f21c3-da73-50b1-b9de-d5ac4a20192f,고용산재보험토탈서비스,https://total.comwel.or.kr,중앙행정기관,기타,공공기관
f63c1d63-808d-5e5a-af68-7cb6e8e17f39,농업e지,https://www.nongupez.go.kr,중앙행정기관,기타,정부도메인
12df7462-e82a-5754-b135-a33bb1b72ab4,통합포털,https://foco.go.kr,중앙행정기관,기타,정부도메인
4a7c70d9-8428-5ac1-a804-73f2a89f8f90,공직자윤리정보,https://www.peti.go.kr,중앙행정기관,기타,정부도메인
194aa701-185c-5b8d-a953-a3a86a0f314b,위택스,https://wetax.go.kr,중앙행정기관,기타,정부도메인
5a6dbc03-3217-5fe0-b1f9-9328bcf15c8a,서울시ETAX,https://etax.seoul.go.kr/index.html,지방자치단체,시,지방자치단체|정부도메인
